3214,e631,e305,d3b2,f505,8081,34f2,cd03,f5d2,b7c3,2c31,170e,2617,1c1b,202b,dd24
e1c6,7cea,7e7e,706d,2534, 314,10e7, 305,d8e5,6968,717a,e250,5512,f34c,d0c6, 707
d1ed,f0d8,ded9,8498,8082,b480,85e1,c4b7,b3fb, 3b0,19fc,ddf7,261d,dbd4,f815,e5f4
10f8, 900,4b3d,5c70,6d62,5a5f,4027,80d6,c282,fbd5,1e0d,5349,7669,6870,6679,7b62
7f7f, ddf,ebf5,f80d, 2ed, 207,12f9,f0f7,eef9, 5f6,dd10,cd3b,f33d, 5c6,7b7c, 376
eafd,2404,1826, 21a,3009,bef1,cfc4,15e7, c08,1f13,c8ce,f9b6,fb22,e9ea,fc18,3926
304f,6a49,4351,6d6c,f1fa,1b42,e307,dedf,e6bd,800a,9880,fcd2,e7d0,621f,27fe,d2fd
e2d9, f0f,24f8,4ef0,747f,4856,174d,3436,7f7b,fbf9,2d1b, e38, 516, c0f,1426,  f9
4440,e216, 1e8,2b21,2011,dd0c, 314,c6c8,e1ba,ef12,e6ed,f6e6,  1e,fa1e,2f13, 625
f3ee,f3e9, 706,33fa,c832,10ef,8267,d2b0, dd9,f5ec,19ac,e1ed,6ef3,255c,ddfa,80ac
31a5,f713,1026,122d,84ed,e12a, bd6,ff05,e2f2,13f9,e65d, 117,ee1c,fc2b,8089,838b
6a7c,2174, 700,89b3,80df,7b64,237c,8e80,d685,e783,7476,130c,4673,dd22,b8b6,f101
9df7,d7be,94bb,e8cb,eabf, 5ed,4ae1,7d65,4f7b,d63e,10dd,1919,33ef,410d,7f4a,4871
b963,6669,5c48,b1c5,6c7b,6e60,462c,6e7f,f5ca, 208,276d,c706,e2cd,5c79, 133,3966
4c6e,48af,806a, 919,1b5f,7fdc,2c01, a87,123c,63ae,6730,7d39, 5fa,5d71,e0e2,75ad
11c8,d72f,7ffc,e2d2,695f,977d,51da,c8cf,aa02,4335,196a,417c,4d63,d1ea,6c9f,75fc
5771,809f,1bf9,aa65,6dd1,9d7f,dd4f,e263,74cd,3878,2c6a,c981,b058,5f43,ba61,7f36
d192,7dcc,11fd,dd1d,f126,7f7e,6912, 8d3,fe7f,2206,13ae,7ad3,d82c,8094,5909, a4a
8b16,520a,  39,cf95, 2e7, 82b,7f75,fd1c,f889,bc1c,fe29,99f0, fc4,e3fe,5671,127f
ec21,3ea3,b7b2,303b,e0fb,b620,d7c4,d2a0,ad1c,e9b0,1d0f,6ac5,eaed,1729,7a62,eb41
af65,a130,f3f0,e84e,db02,8381,1325,a15b,3761,7356,5acf,4a8b,80fa,3976,8a69,d92f
7010,a97e,89c8,fade,e897,7fd1,2d7c,8e6e,2368, 47f,bea9,dddf,6d4e,d942,8000,4e89
532e,d3ba,7e67,6300,2c5f,  fa,4a65,1bc6,afcc,f1c8,4078,d5c3,d801,8c01,80fe,91af
46d9,3441,1ae7,6905, b53,b516,a707,a3e7,f824,7f77,3dd0,f28f,e233,7aca,377d,a21b
adf7,eb5b,22cb,71a1,4f11,db63,27ee,7f80,191f,d976,78d4, 516,1a65,80f9,2c48,6a6e
8620,90cc,81dc,6793,15eb,12d7,b8ea,c61e,2aab,4354,66d5,589a,808b,5728,80ff,dad5
5a40,f77f,1ca9,9818,2df7,fff1,2b32,f08c,b884,c373, f8b,c1bb,b125,ebb9,f6a2,ba8c
eae6,b725,c921,e1ab,6c19,d30f,8ad1,5c3a,fe00,443c,281f,d447,f914,bdfb,e027,5d1b
 178,e328,2a4b,efa0, f2f,4214,5f1f,eeea,2701,f237,fc0d,6731,20ef,324c,baf2,de9c
6c06,2be4,a810,d226,e91a,2601,6809,f432,3b2d, dce, 416,5d2d,f250,fe11,427f,f3a9
500a,43ec,e00f,5dd3,3275,adeb,7a2b,eff8, 988,b92f,b3db,37ce,9edc,55cc,c1f6,5829
 caa,7fb0,fefe,feae,a189,ce8c,802d,3cf8,446a, 788,8a96,75f4,d9df,a274,a7a6,8122
aa57,80f9,ec79,3dd0,2fee,8434,becc,b45d,3680,a795,d62c,ef94,d80a,9ce1,b865,86fb
a3b1,803a,8080,5095,80f5,81b8,b18c,a6f0,8ae5,ff91,4cc2,ca96,3680,e98c,42a4,7ed4
1d8b,fb63,7e8c,e488,a9e7,fb0a,74c9,d542, ac8,b630,7f82,d25d,df83,ad83,c4f5,b679
9cda,aaf5,3338,396e,cb18,9081,d6f4,6ff1,c5a7,1906,15f5,4907,f08d, 516,b30b,7fd0
c5d0,da2b,d4a9,8283,de68,daec,a37f,1170,90bf,d1f7,bbdf,3fba,ece5,c1c1,871b,801a
8ca5,f303,d831,81c4,331a,1f96,fabe,bfc3,b910,7846,1836,1243,e298,e1d4,3822, 57f
7f0b,54de,1d58,2bfa,22e4,d521,fce2,f63a,a3fa,6722, 1bd,f5fe,e828,e443,d1be,c0cc
5cb8,2d4b,f809,9aed,7b34,311c,26d4,718e,5df8,2439,48d2,8fd7,ee30,35bf,c3c4,8bb7
4a27,e8ac,942d,fffa,4ae1,f75a,1a89,c38a,a7fe,ef96,94c6,f67f,fbe0,e453,d898,30e1
8bbe,33ed,b4e8, 84b,989a,bcf7,1a5f, d68,d280,d508,f2bc,3cce,15ef,b52c,b8de,7f2a
11f3,2ad2, 8a5,4e43,5fc5,b714,2dcc,d585, a9d,93bf,7fbb,4385,4202,cb80,15a1,19fc
e3ea,eb36,95d6,3186,812a,fa2d,12f8,92fa,3aa8,101d,a7a7,ebc2,66e0,71ec,738c,3aa3
ad7f,d2fb,62a5,74d5,7ff5,d681,f9cf,ae05,cf78,c202,6eae,41b3,3a94,58c7,3531,7368
5f7f,d57f,7ffc,4d7f,a102,6966,807f,7212,5d33,7f71,7f7f,80e6,7f15,7f65,7f5a,6e3a
 83b,1e41,2865,4d7f,747f,497f, af2,f5ae,7f16,7223,807f,ed7b,427f,7d19,7e4b,ba15
ea4d,7f0c,6864,5312,8074,617f,6817, 91a,652c,7331,d17d,7f39,8143,fb0c,a678,ff1f
 57d,7956,7f79,a3f2,6df5,5da4,247e,e576,d0d8,c570,7f12,5505,595a,5c7b,2c3f,9dfd
6f7f,7f44,bc17,c32e,6a7f,65f2,5304, a22, f2f,7bbc,7355,7141,964d,3139,7f7d,91fc
8ece,9815,12fd,f284,19c1,50bd,1c08,b280,668e,84c8,e9ac,c3d1,f21c,9869,8a27,28c6
7ed0,1d0f,198a,8296,641a,c59f,54ae,7f7f,a1ef,3d7f,6b08,1680,4c30, b8b,dbdf,43ad
a595,92d0,3460,8091,19ac,30d3,166f,707b,2876,1c4d,fa26,1033, 826,f704,d748,1528
4445,2a58,4e4a,c5cd, f56,3e39,2c17, 30f, e2d,f14a,1843,fe7c,1c04,1e35, a99,fbdf
5609,36d6,9415,db13, f56,4d0f, 806,e8f0,1ae6,d606,143b,1937,dc3c,1738, 32b,f50a
1ded,1f9a,a74e, a83,eb42,b528,414d,87f3,3495,d4ff,c0e0,130f,94c1,81b4, 4bb,38e9
bbdf,7fed,3bfb,5c8e,f7d6,7382,f4dc,2b6f,eccb,7abf,4ce7,7181,1b09,fc53,fb8e,22f4
f1ff,8d66,f5ba,4a6b,420f,9eab,4380,877e,425d,7e7b, f2f,307f,8567,1759,8668, bf2
7d76,7fe1,7f7f,e552,77e3,7f07,5f6f,5f62,207f,cbee,2858,9118,3372,4d72, 9af,873b
7d74,6b40,9f6a,80d8,7f68,1e21,6440,4d05,1fd5,383c,7f5f,57fd,8559,7f31,1f7f, f9f
542b,1330, df1,290f,d265,f2b1,c355,5c24,2b02,2ed9,4a56,b434,653a,f9d3,7fe0,5e21
78e0,98ef,5040,59cb,fa79,321f,fba3,ba51,6b6f,58e8,9d7f,afc1, 831,6eef,5eed,4244
3ff1,665a,772e,3411,f6ce,7f72,12e7,d7da,4fb4,fa7f, 478,554a,80af,e23d,fc4d,312a
7804,6c38,636a,b4fe,57ad,7f62,375a,6a55,fc05,26ff,c060,ab18,b807,c444,ee6d,4517
7f1d,55da,831f,595a,64fe,78d5,3e24,a3ae,24fc,1ca6,eb41,295a,9f12,  73,3cd7,d722
  3b,7cb7,8d63,fb1e,197c,fb22,164a,3e29,1455,f9c2,3b28,c83c,f92a,abaf,6afc,5ff7
c90f,8988,135e,5725,14f6,1128, 3db,2a3d,2b1e,4294,e50a,cf42,2c32,2aec,51c5,44fc
5865,6154,2a8b,4270, 8f8,e44a,7f4e,3126,7323, 649,41b5,7f7f,f2e3,ecde,bf72,5174
216e,483e,355e,e208,4448,4857,6406,da60,503f,53cc,4d73, 322,2645,f65a,cdec,efc4
656e,27f4,a943,df45,3e47,7438, 107,1d64,1f47,6110,156b,4721,c91d,356a,2676,507f
95d1,3fd1,8e65,c2bc,a8e1,ec1b,14e7,c410,2b12, 148,fee1,3f50,6459,9fe0,8380,f690
7846, 321,1502,98b6,3716, 51f,4dc9,88d8,9aa6,c45d,7ef4,8a80,d8ea,cc9d,1fa8,3d75
7a80,2c7f,149a,d315,101a,99a0,7c2d,53cf,8b82,80ee,dfe9,c7a9,cb91,223c, 8b7,28c9
ea80, 4bf, 2aa,1a16,cae4,33f5,89a3,f893,1a56,7ff7,9795,aebd,a128,83bf,3b1e,4aa0
838e,80cd,7f99,12e6, 9b8,9895,15bb,a7f8,bbd7,880c,d380,b1c1,dbb3,99b2,c896,bbea
d1ec,9435,f2e1,788b,56c1,e997,7f74,bcac,b626,a26f,d1f0,1c8b,b74e,e01f,4b7f,fb65
7480,f7d1,75d2,812a,3adc,3d80,e4db,7f51,  33,f052,f038,7d06,6265,1b0e,e948,25dd
8f62,8281,756d,1f96,1eb7,11f5,bf68,7e1e,fc0e,2669,1afd,26fd,aaf7, 64e,b764,2f25
fe46,5236,534a,ae28,2f3f,6e1d,5727,1709,361c,4732,3a31,d62a,f844,1151,cc4b,df1e
5e04,3915,cd43,d946,4655,32ea,5c46,d514,52fe,2bce,215a,5807,8c51,3f13,340b,3515
7f35,dbea, 3f6,b6cc,e002, 80f,f348, fe7,f201,19d7,1408,b925,d7dd, 40c,2041,767c
e8be,49bb,1a04,4a0f, 4e9, 416,c1eb,fd4a,20e6,60d1,dd0a, 24a,fb28,17ea,ef96,edd3
c4f8,49dc,5913,3f0f, cdd,1cfd,e5c8,c41b,e263,cb2f, 574,c908,b6c3,5290,820f,16ff
26dc, 9ff,360c,a1e3,d480,12ef,f1ea,e316,2917,1322,3f6a,8f7d,587f,e17e,66a1,daf1
1702,  d3,e2db,8093,8033,783a,3f47,c691, f55,c7f1,2c00,2a42,9272,2523,c8f0,86c4
49ec,c780,81e1,b5a7, bd9,66d2,1d9d,f4ef,b680,9d92,c0a0,ff26,ca0e,8daf,e0f4,f315
801f,f49c,90a3,3644,ef84,baac,9ee8,3fec,a9b6,e105, 7aa,7ffa,e690,f0e0,cacb,36e5
b7d0,c22b,80f6, 7fe,7197,80be,e5c4,ee8a,1066, 4b5,a220,c32e,5928,f922,45be,e7f1
e2e1,f83b,e8e3,bb81,d46a,c8ad,9d82,76ab,942f,8bf6,cf80,f2f4,c1c8,8d95,45f7,1036
96e8,c3aa,d6da,b9be,f880,d36c,83bf,118c,e5cd,7f7e, 598,f9ba,493d,2df4,f04c,6222
e581,1f1b,5390,296f,6531,844e,45ce,f16a,2a10, b30,ece9,634f,67b5,1329,71e0,2342
1b2c,828a,b5f0,9dc4,31d2,c57d,fa14,df6b,45d5,c678,425d,2794,3ed2,3520,6941,fe71
 fba,77e2,4f88,eaff,ef01,4afd,7ff0,a433,8efd,d2d1, 99e, 1f5,59ce,e634,f3cd,4487
 aed,f3dd,cfcb,6bf3,ed3d,b5ef,e5de,9cdf,3406,4ede,d326,501b,fdef,1717,a4c3,6a43
4763,8025,29e0,4cfc,982e,d110,e318,8892,3b2e,f022,91e2,eaf8,23f5,eb05,8039,65ba
b880,bef5,eb25,12a5,bbbf,80d1,53b5,3ed9,bdff,aac5,ccb7,77e3,c7d4,e7e2,c18b,b7c4
e333,b7bb,15b8,4bc0,5502,bcdf,324c,29ac, 4a3,d133,69e8,e4e9,bf0c,2a14,6aff,9081
6000,302a,e0a5,c20d,f6d7,adbb,3c9e,c69e,2c1e,5eba,de39,2acb,2004,55e5,38e2,2ce4
e40a,1902,cc20,77a2,87fa,cfd5,307f,2210,d580,d3cb, e08,c560,dfbc,23be, 57e,bb17
6917,55d5,2fe0, 22b,9008,8760,3e71,c680,37ce,8385,f036,ce2c,ed2f, 51d,1b45,26e0
99c3,deed,c58a, 34b,43ff,a75c,7b94,d16e, 6f7,8506,a1a7,16e7,afca,d0fd,d2ba,ad15
3b99,e307,9efb,997d,fe82,dabc,c826,4bcf,6236,e3d9,db8d,ad13,a1ee,d9d9,76fe,dc3c
d71f,ecea,28e7,47bd,2ed6,efdc,a480,9aa7,af93,d3e3, 5b1,d07f,fd50,8c4e,3b85,f5d7
66d7,b04a,bca4,7fa9,acfa,a008,aede,8670,cf0e,91db,a648,85c1,c215,508f,882b, 337
4920, 77e,61c3,8aae, 29e,1ae7,223c,467e,7618,7f66,fdb2,9aad,c073, 780,8cab,d99e
fc24,bbb4, b9e,18e4,4dc6,ab20,7ff3,d972,88c8,bd3a,12b9,f4bf, 6ea,ba68,c666,43e0
e98a,9107,9280,7383,13a8,ec8b,d6a2,bc1b,f450,d7d1, 2e6,5b96,7b28,d5f3,e1cd,242c
4003,c7f9,1bdf,ea9e,7039,e8b5,743f,eabb,30dd,176e,ff6b,187f,ce60,2f73,9d61,4b3f
7394,2f36,1f25,43b6,1e28,6830,2d87,160b,e6c5,4f9d,607e,8399,ca44,5634,d716,e03e
7102,4f28,a538,e188, 415,13e5,3e4a,ac72,7531,747a,5c82,317f,b50f,660c,1a01,bb7f
b992,fa82,b5df,8aa5,fb97, 5a8,22a6,f191,b07a,a6ab,bb8e,7b24,8612,cf9d,a2c5,c0b3
902a, 1ae,f8c4,e8b3,3bda,fea0,4b6b,d6f4,8107, 22f,7483,acd5,53ee,89d6,8e03,2683
eb05,b464,d889,fed8,35fc,e08c,b846,447e,6c7d,177f,4541,3a6d,53fa, 944,7f10,4d72
4277,747f,7f64,1a7d,48f1,7f7c,67fe,7958,3867,2352,6b22,196a,ef03,1605, c45,bbff
 b18,f325,1f0c,da71,26d3,f00b,173a,f5ee, eb0,5f10,c13f,eb1c,1d0d, 740,25f0,1523
1764, d01, 103,250c,ea15, cf4, 318,1a44,10ce, ef4,1913, 2eb, 7f6,7555,d680,2504
fe33, f80,  30,d85b, b0d,203f,e99e,4f91,dcb0,bd1d,1438,e58b, 77f,b716, cca,2505
1b7d,b33c,e819,   0,   0,   0,   0,   0,   0,   0,   0,   0,   0,   0,   0,   0
   0,   0,   0,   0,   0,   0,   0,   0,   0,   0,   0,   0,   0,   0,   0,   0
   0,   0,   0,   0,   0,   0,   0,   0,   0,   0,   0,   0,   0,   0,   0,   0
   0,   0,   0,   0,   0,   0,   0,   0,   0,   0,   0,   0,   0,   0,   0,   0
   0,   0,   0,   0,   0,   0,   0,   0,   0,   0,   0,   0,   0,   0,   0,   0
   0,   0,   0,   0,   0,   0,   0,   0,   0,   0,   0,   0,   0,   0,   0,   0
   0,   0,   0,   0,   0,   0,   0,   0,   0,   0,   0,   0,   0,   0,   0,   0
   0,   0,   0,   0,   0,   0,   0,   0,   0,   0,   0,   0,   0,   0,   0,   0
   0,   0,   0,   0,   0,   0,   0,   0,   0,   0,   0,   0,   0,   0,   0,   0
   0,   0,   0,   0,   0,   0,   0,   0,   0,   0,   0,   0,   0,   0,   0,   0
   0,   0,   0,   0,   0,   0,   0,   0,   0,   0,   0,   0,   0,   0,   0,   0
ddc3, 400,3a48, 52f,41f4,68d3, b35, 5ee,4617,3f2a,35ee,481c,3339,3c56,3a57,151d
3b28,4975,441a, 22d,c6d4,b910,8383,fe09,1f1e,3025,507f,4641,5236,4a41,a540,797a
4d7e,e90a,be06,b17f,ddc8,cdbd,d4f4,27d6,f2d5,324f,4037, 13d,b2e4,8187,f9b3,eae7
d5d2,daf2,9fbf,97a3,c8bd,18cd,4662,2dfe,89b6,e680,ef06,49fe,9284, 293,a9a2,898d
d8c2,24bf,3920,e40d, a23,f0e0,7373,397d,b981,2d7d,3f33,cce8,a5cf,d3c8,d4ce,1613
c4c0,f1f1,f0e2,f3cc,c1e7,f049,2c17,f710,f8fd,d8bf,e6db,bdba,95bc,d3a0,8080,4757
7e72,4462,523e,1c3d,363d,5d52,1d2f, 412,abd1, d35,7c29,a105,fcdc,e8f1,f6e9,1deb
 234,3d34,1a1c,99bf,39e1,e63d,f483,13f9, df7,fa12, b21,dc00, 21c, cfe, 7f5,f8ef
f1fc,ea05,5932,4e4c,654e,1432,112c,fd19,eb01,10f9, 81c, b11,c5a8,dcd5,a59b,d3f6
a7b1,dcb6,f2d9,ebfe,f9da,fae6,83ed, acb, e12, ee4,1324,26b8, 11a,f8da, 3d4,2d25
7b78,8380,f893,fed6,6f26,4b81,7f5c,9893,3ad4,19ed,a84b,2cf2,f0ca,eff7,f4e9,4310
34e6,ba8a,fed9, 8fa,821f,6265, a7b,d6de, 212,ec40,b98b,c284,daee,35ed,d1f1,c5cf
1dc5,e8fb,c2dd,84b4,7ff6,1838,1adb,2217,c16a,83b5,824d,e884,19ad,4627,d1a9,bb12
6a8a,e987,d9ac,956f,f4ea,e3e4,aa91,e3c2,1933,533c,d413,752e,75fd,b43c,73c9,da52
8725,9ac3,46c4, 9de,16e0,fa7b,2ae7,31ce,dd2f,aecc,23cd,94e7,b2c4,9901,cef8,e01b
af12,a395,b29d,82ef,3386,3e04,c0d7,bf02,efb4,3b80,bc94,d61f,d985, 397,a89e,139c
80ed,c300,f0de,62ea,fb01, 7cb,2ce6,8023,8258,80c7,f480,4bcc, 89e,80a8,ec80,e709
c7c8,8cdf,a2e5,ae8a,1ec7,7f1e, e2a,40ef,2527,3a59,65ec,62f8,3464,d3ac,37ad,1487
d08e,7a00,6579,84bd,ed84,341d,6522,4172,2b94,b4cc,d117,6c60,7ad6,697d,e5bd,ed22
2e17,ff6b,d765,6a0a,7779,28e2,6596,edc7,db16,28a3,4b1e,d1cb,3219,25c1,bce8,1d86
 d3e,170c,f7bf,92bf,bdcd, 3c2,f9fd,e77f,4689, 382,183f,bfe5,69e0,d4ed,4c3f,7062
ebec,b8f0,126e,8302,b6f9,258b,56d4,172e,cdbc,f0cc,d638,1ac4,17e7,2e7f,8c16,757f
  aa,69e6,9b60,d527,fc02,f0f1,ba89,89ed,4418,c7d2,9d14,5e7f,32d7,4a09,6dcb,7fc8
d3b0,d70a,cff9,4423,efd0, 9b5,e61a,dc2a,8a83,b8f3,c61b,4f05,ac8c,80b3,cbc8,2a7f
 ac0,91b2,81b6, 268,dda6,9639,d3c8,7245,3100,c98e,f73d,416a,4a98,efe7,63fc,fd2a
36a8,20e6,241a,f932,6cf1,7943,36ca,2f51,33a9,242c,d2f5, 96a,4199,edf1,ffb7,ef1b
1cab,7cdf,2853,4bb9,28e2,2765,a459,7fed,f231,f012,5008, d3e,2fe8,b40e,387f,ee57
1432,de14,aa06,2172,d31b,2944,23d9,ee58,9fc5,8c9d,9fff,e31c,4517,14ed,7184,a8a4
8005,1d87,838d,2672,abcf,cdc7,c2d4,8cd9,8619,a9b0,a2ca,2b0b,be98, feb,c9e8,a2b7
8fe2,9a43,d181,278e,c099,c78e,ba94, dea,77d6,1b03,9fc2,c0e4,1aaa,fe8f,ceef,3b4b
bb0b,57c7,ac0d,7ae3,2875,4e9c,836e,d893, a7c,f17f,92d8,1f61,1311,85e5,47e8,7d1c
eb46,d6fa,3c52,eb80,a4e1,5383,aae9,8a50,2072,349c,1fdb,b297,78c0,244a,a753,2251
507e,9f7a,5883,7f70,bb2e,25ea,5f18,72c6,3328,ec69,4324,1405,bf4c,8d8f,5e4f,f1d7
675e,6d2d,7e7f,5397, 305,74e7,5d5b,c061,7f09,b734,6a1f,90f2,6943,3c2b,4632,5127
3e6c, 121,8d4a,da30,5f24,60de,1d90,f91f,c7f7, 5c6,762c,fd85,13e4,3924,f9d0,1b0f
7408,2970,fd33,7cef,22ef,299c,74c6,40b0,4782,31cd,bb03,ff8c,e0b8,4e59,333b,1d77
1d93,25a0,80d5,4def, 4bf,a3ca,fefb,6049,7fd5, 180,cd6f,487f,3208,24c5,6003,a084
d6db,94e3,20ee,64c1,7aed,a479,deda,cf98,602e,4a17,b8f5,3b5c,8044,8f31,ae4a,e837
 fcb,2c08,2f3b,8c52, fe8,573b,5d10,14f0,ea2c,43c0,7e4f,7393,52d2,202e,d631,87cc
42ab,2873,94fd,a435,6810,ec4b,3a03,b152,1f53,433c,6431,6676,815a,d42f,7af4,9fbe
7bf2,5e1e,f24d,2b42,bc5a,c7db,ca6b,6b29,6fa1,fa01,3e52,7e06,d598,2184,7cbb,211e
e0c0,15e9,626d,19bf,c913,2707,c971,4351,4ad6,3e42, a12,2b56,4a3a,28e3,2afb,ed6e
541e,ba6a,fabb,5d76,9e37,a86e,33e1,ea4c,f83b,4479,bc91,5a7d, 69c,8478,3ee6,e07f
86d4,79d8, f50,dc3a,2a53,7e00,13ea, 91d,fdbb,9244,bee2,7c6b,7238,655f, eb6,80dc
d9ee,c73f,da05,2d1c,f1fe,2e26,438d,1c8e,24de,20da,1a11,f5ca, 80c,  39,1836,3488
c286,5cf9,3740,ae33,d0b0,46cc,80e4,24ee,d8b7,24fa,c90e,e040,7f8b,d750,8fad,f08a
bfcc,e625,ca00,edd4,3a6c,2ae4,54fb,a619,9aad,d846,3cc5,bc91,19d2,8b83,3885,  be
361e, 7f4,1dd1,80b1,d4ec,3ff4,2680,804f,f48c,2b8a,8ee0,17ed,1ca6,3054,84b0,291f
 f81,32a1,e1a3,7ff0,45ce, 21b,8190,ceb7,265d,b176,d955,eb83,e970,9480,2d2f, 530
d485,861c,f989,9e23, 890,a278,fd1f,af68, fbe,e200,80c8,c226, a54,9690,16af,10da
3d2a,f412,3ad6,1715,f428,d2b5,f921,e4e6,1607,20e8,1b27,97d1, 8b7, 4c0,1317,1414
1ad5,efe0,1815,  24,ee15,1731,36e4,22eb, b37,23d5,eef9,eb28,e912,24c9,5e3e,fb02
 40a, ebe,3622, b09,d3ef, f13,fcfa,e035,dda9,dbd0,c2e7,c4d7,49f3,26e0,5d86,aba0
c7ca,8c9e,a481,56ec,9500,b8bb,93c8,85b6,86c5, 4de,9a9b,f8fc, 285,cfb6,cec2,ff0f
a0d3,9f13, 6b3, 20b,ce80,80cf,ccc0,2aeb,e4ff,b5f3,c0c6,db08,65b0,8098,d2d3,db63
b514,e3bc,c309,b8c6,f50b,7c3d,30b8,fe84, 609,ed9f,95bf,1a6f,1641,adac,c5a9,12a2
1756,3506,80aa,dedf,3e62,8af7,eaa3,d988,b1ae,d7f9,3de3,f1fb,bcaf,e780,cdab,bf20
be28,bc3a,c1a3,e655,f70b,c808,ebcb,79d6,20c9, 5dc,d92b,f6f0, eb7, 588,57cc,a985
8903,c658,b7d1,28bb,ab1c,cd0c,b966,25dd,f210,d8f5,b380,8d65,11c0,d402,eca9,27d0
 5c4,c81b,f3e8, 209,b8f0,e5f2,f293,1220,4a87,f0bf,d806,d10d,67c2,e7ef,fee9,da82
c35f,2578,43a0,eeab,2c86,6980,41de,e395,e81c,1980,d9be,d210,fd80,70ef, aec,78bf
86b2,2d56,808a, 10e,2700,2d30,67b9,7fc5, 6a6,efa2,107d,1641,b52d,2363,8083,9d2a
a6dc,c3e7, 30c,4dd6,7f80,6709,bbd7,e5c1,f8f4,e734,3714,e41d,2ebb,32fd,e1cd,fc19
e299,1ed5,1508,ad63, bce, 7f6,5a53,c82c,3e80, e00,bcd8,4530,e363,ed40,c80e,c470
3dff,dbc3, e24,1312,ffee,2ee6,d16f, 10a,  2d,e50a,aa23,6251,83f0,fb0f,2715,c688
cdec, 2f2,eaf7,eef6,19f4,8def,b5e1,4632,fa04,fa1a,ebf8,7a29, b31, 808,19c2,ade8
8ad6,4704,dd00, 1dc,eaf3,d7b2,2ac1,4ec3,e6e4,e304, 7ec, 93b,f2d0,1eb8,d63a,20c6
2127,1b24,edf2,f3cc,28df,e5e0,eaca,28e6,4d53, c61,20d7, c7c, 4ed,2842,fa0c,1606
f725,3111,5145,d226,1cfd,4e67,1d38,4540,31d5,4828,2235,e601,da2d,3157,e00c,cf4a
33f8, 2e1,a92e,dc41,2239,40f3,1201,19cb, de0,10a3,2754,2e45,b233,153f, 4de,c5e4
12fd,3adb,9f27,131f,2161,235d,d3ae,f2c4,3eee,f0ef,93df, dfb,c217,d0d6,3a34,d830
92a2,a9b2,d0c3, 3e6,dbcb,f9c1,8721,613e,cac5,e7ed,1abc,6ece,2ed8,dfef,bbf7, 4a5
b9c1,e525,a7c6,312c,28bf,b1ac,f427,e0e1, e3b,187b,  25,ec3e,3c96,8513,7f32,5bc5
cfed,537b,201b,adf7,4533,faa5,e31a,ac26,4e1f,5660,1d38,c382, fcb,29ca,f804,7442
 a6e,df58,eaca,50fa,c410,3a57,8f08,  10,d11a,fb06, c4a,8909,3622,37e4,8055,341a
2511, 635,1512,421b,b627,e1d1,c514,fa14,eef5,3716,4a42,e81c,52fb,2dfb,3525,531e
2e13,dff8,123b,1b23,e552,1916,ec01,fdf9,4236,14e1,cb24,f6e4,4a03,eb10,1633,f227
fbf2,1cfd,4227,3d19,d72c, 314,152e, e01,bff2,a65f,e5a2,597f,113e, 238, 504,1473
f11a, f19, 3fb,370c,20d7,1caa,fd21,e1f9,19cf,c424,e1f4,c021,3b11,d7e2,1b98,1d60
 73e,f12b,e732,a635,70d6, ac7,f5d1, 219,3c3a,d7e4, 823, 906,d300,74fc,f41a,312a
bee4,2644,f31a,f608,1bf7,7db8,f82b,1bde,b551,79e4,4d20,8029,787d,610b,2e0a,9239
3b17,e9ea, 27f,8bc2, 356, 30d,5938,12ef,e946,1afc,f00f,5212,3005,b61c,cfc0,f2a2
9ebd,58c3,e3f6,fffa,2851,29f5,85f8,7fc4,4049,da1d, ddf,7f54, d20,a6bc,f75d,ec16
 ff4,4750,1ae8,2a8f,d95c,5225,e801,e764,eaad,7fee,1f11,90e8,31b9,69ed,f8e5, a43
44c1, 931,b92d,2e1c,b8fe,72a7,1b0c,1151,202f,4ac7, 569,7af5, c07,e340,110f,3b50
6952,2a78,7e26,f800,ac5b,e206,3675,7f0d,5a38,8824,4779,a915,7f02,d82d,3e5a,3b36
6bf0, 907,18f5,68df, a46,f938,541f,a10f,4440,73a8,e57a,531c,da6d,3719,4293,6e89
d321,6e28,6627,183d, a2d,3f3e,3164,f43a,b98e,c0a7,8ae7, 80f, 107,80c1,ea09,dd7f
c8f6,a171,d3c6,56fa,e509,a6f3,f51e,87d6,393b,fa61,6037,e783,93e0,3485,c250,5cd3
43fb,1d7f,1ab5,1eb7,2adf,b107,43d0,e33e,e239,4aef,3ee1,8825,dbea,c2a6, ca2,e587
a09c,ee35,250b,f016,9b10,942b,6b06,fd88,fae6,1104,2128,83b7,efe9,fc56,217f,4c2f
6cb3,d479,1b0c,febd, 20e,341f,f719, 9f9, ed6,f409,9075,cb06,f212, 677,ad3e,cb39
26d0,b18a,1b76,5d5e,c16e,ef07,219c,e286,2c85,b116, d18,2790, bf1,f901,1a1f,f6d7
d188,a693,15e3,65bb,dccc, 2e6,36f0,7aec,dd34,16ac,14b5,32d7,1cde,5b16,302f,205f
a6a5,ac38,54d2,14e4,4ef7,d720,dd88,ea89,72a8,b755,22dd,9648, 400,90d2,11ce,d930
8183,d8ba,1302,9e00,cf95,3692,a233,bd9d,c992,cbd6,d3bb,7e75,b8dd,df31,b1d2,b698
c5f0, 753,4cc2,2c03,e438,cb96,eb3a,b070,82b4,8224,f081,f0f2,7c04,94c8,3a0e,e328
57b7,b8c5,8ceb,819b,2738,a188,f180,90dd,32a2,1eb9,c4f9,7f73,cff4,4f02,bb9f,74ce
832f,3d03,cbbc,5150,3c32, da5,2541,b3d7,c58d,f17b,992c,7680,b6c8,f1cf,8e65,989f
4be3,e3b7,d9c7,b349,44c8,a7a1,f5b6,3f71,68ce, c63,12e1,6c3c,bd5d,30e2,75ff,efb7
f6cd,f5a2,b6f1,d419,ff1f,af27,cae4,c1e3,c7a2,cae1,b3c0,7dd1,9899,f2d7,f714,a1cb
e815,6dd6,c4c0,cadd,b9c1,1aac, e35,44b4,101d,acdb,7388,1170,20b0,8cba,2d15,de74
7fe5,f7b9,13c1,   7,ee36,acb5,82cc,d8be,433e,36b9,bb0b, 146,7b22,10dc,7d82,9d05
8848, 78b,8093,c6ea,8324,dcbb, 805,8f19,80ab,838f,9839,263c,ed85,63d1,5f09,f283
a34e,dd99,dc95,59ce,898a,c9e4,8e84,e358,1bb4,5ad6,efb1,f712,7a80,64a8,c324,4f1f
1a0c,d41e,191b,24b6,5a1d,a22d, fff,31d0,191b,a1fa,cee8,66f5,dd1d,a8f3,595c,7909
bf96,96d0,ced4,dc86,2612,27d4,c01e,2d1f,30e1,fc91,9b06,9404,15cf,3736,a74f,6f7f
 93b,fcdc,332a,7866,d46b,9624,9d57,6d14,b8b5,94a4,a606,2c80,1efc,83a8, 6f5,f0ee
1590,8708,b680,7faa,8180,9604,f524,1ee2,435e,29e6,1896,a680,47b1,3680, c30,7f16
 8fe,b97b,69aa,3dc1,ff2d,b8be,270b, f42,3962,93e1, 7ba,d437, dce,80b4,aedd,c192
9eb6,11ae,18cd, 631,e696,f2e6,f0ab,98ed,9fc8,e2ce,a2d9,2720,c7a6,af02,ad26,9bc8
be39, dd8,cac1,a2e9,81e5,fa9f,d689,c1ab,ec06, 821,44af,80e9,efc9,b608,a0bd,839a
  c6,e80c,f184,2f9a,7b31,fcc0,53fa,cddd,e158,6061,595b,1d16,6750,777f,6c54,7f3b
5019,5e52,5e78,4d7f,7c7a,7b75,7f56,7c0b,4970,1c3b,7f3e,3eef,7f0f,d2fc,2b80,7f7f
1816,7cd1, 724,13f5,7ab5,ff13,a41a,9438,f667,c03e,2308,7ff4,1b28, f7f,7f57,100f
95d5,e2fd,1e80,845d,1007,80f2,f40c, 585,807e,11f9,805f,e3f5,1f7f,857f,ff34,7f26
de0e,d98f,455a,250d,8042,eb38,fd4e,807f,15f5,a280,f2d0,217f,7f7c, 611,826f,d3fe
 c7e,e0ec,270a,   0,   0,   0,   0,   0,   0,   0,   0,   0,   0,   0,   0,   0
   0,   0,   0,   0,   0,   0,   0,   0,   0,   0,   0,   0,   0,   0,   0,   0
   0,   0,   0,   0,   0,   0,   0,   0,   0,   0,   0,   0,   0,   0,   0,   0
   0,   0,   0,   0,   0,   0,   0,   0,   0,   0,   0,   0,   0,   0,   0,   0
   0,   0,   0,   0,   0,   0,   0,   0,   0,   0,   0,   0,   0,   0,   0,   0
   0,   0,   0,   0,   0,   0,   0,   0,   0,   0,   0,   0,   0,   0,   0,   0
   0,   0,   0,   0,   0,   0,   0,   0,   0,   0,   0,   0,   0,   0,   0,   0
   0,   0,   0,   0,   0,   0,   0,   0,   0,   0,   0,   0,   0,   0,   0,   0
   0,   0,   0,   0,   0,   0,   0,   0,   0,   0,   0,   0,   0,   0,   0,   0
   0,   0,   0,   0,   0,   0,   0,   0,   0,   0,   0,   0,   0,   0,   0,   0
   0,   0,   0,   0,   0,   0,   0,   0,   0,   0,   0,   0,   0,   0,   0,   0
10fd,bcf8,2891,cb0b,  84,e8d5, 5e7, 715,140f, 71a,a48d,23c7, 72c,4f49,5e1a,93b5
5143,818d, 1d5,560b,f721,e6fb,3cdf, afb,2f41,2e79,5072,755c,7f7f,7025,d0c2,d9d0
 1c6,1a06,cacd,f40b,cdfe,9cd6,a7ab,889f,f611,f623,190c,150f,d8de,c116,21a3,364c
d1ef,fb24,7328,d348,57d5,3b54,c8d4,1e07,202c,2c16,231f,2718,2c41,c6bb,960d, 9e7
e01b, 8ff,7d7f,aeee,edc1, 7e0,b4ba,ded8,c1ed,ccc3,ceb6,bcbf,cfd4,d2b7,14fd,90a1
a8a4,bac8,c5c2, c0e,f3f8,dff3,c3d3, e2d,1632,ed01,c491,83ed,e082,c8d1,fbe1,d115
8b81,1fe1, 7ba, 824, 2f8,faf5,17ef,ebf6,e7c5,dccf, 905,10f4, 30e,fd0c,433a,5439
1846, 616,88c0,be02,809d,f5c1,f3ec,1038,2d60,1203,4130,1856,2c43,1935,d3e9,3b05
1642,270d,28eb,db12,e2bb,1622,b8f0,dcad,bac2,e5b1,adca,dfb0,fb32, dd6,d0fa,  20
 2e8,7d76,4239,3417,4d2e,1150,dbfa,f1c3,79ed,cb13,a6d0,65e7,858e, a96,f0ca,6914
ab8c,fbe0,d1fb,12dd,6129,a731,21dd,287f,e405,b4cd,1132,fe33,4a41,472b,4653,83a2
7763,ace5,1b0a,81c2,8e8f,272d,d3fc,3bef,e136,dba7,33bf,c124,19aa, 70c,87de,488f
3043,d9fa,de91, bf2,5763,5c7c,3657,9b1a,7212,6b9c, e7e,7d40,511a,db74,d780,9d7f
feff,cffe,c306,5cd4,666b,c1f1,a911,34fd,119c,32ce,1e5c,7680,84d9,5dcf,df45, 64d
db22,ccea,e0f1,f77d,1c08,a47e,8041,5b9d,7c5a,392e,d197,8673,7e78,a11c,34f9,6de7
3456,402b,1975,675d,ddf7,2a3e,fa50,60e5,43ff,6e5f,327f,d22d,54e5,3a60,6707,7a68
  48,59dc,2c4a,f350,1c3c,3141,a243,eb13,7ffe,76ef,9efe,4050,2c3f,4103,66d0,316b
488f,36b6,2e44,d050,126c,195d,3762, b01,820b, 38a,2dbc,8083,1ea5,3daa,a4d4,9484
7f80,c6b7,ccb6,2272,bc66,d5ea,8087,3392,ec45, e3e,c0f1,5ee3,7ff5,80e4,4458,adc7
87ed,e7cd,7f8e,d1e6,27f9,8534,f886,2d97,b1e3,4879,45c3,abc6,159f,f4dd,5e81,1b7b
5c62,c5f7,a9cf,1ca3,7f31, 2c5,5534,160f,f35f,b155,e2e1,5428,fd7f,b419,fd71,fc3a
d3be,3883,4566,fb17,dcc8,7fec,27f9,567f,f6a4,14fb,c5ce,7a47,7f1b, 373,8723,7fb8
d139, f8d,5e4f,68f4,79c9,d0ed,1676,7c1b,c9bd,8c80,80dc,e081,7f9d,8482,7f84,8080
3e81,88bf,8087,36c9,808d,8d24,cb98,9474,ca98,a387,8089, 24f,5580,3b81,c9c7,7f05
b8db,cfc8,7ed2,7f80, 383,c423,b788,d22d,9980,86bb,dbd2,c2d2,7c80,88c7,898b,78f2
 ed2, 698, d7a,e797,5e21,29e9,67c5,d507,d613, 112,f797,7fdd,c945,e7a0,9899,a5cb
15fb,2b14,e611,b7af,1bc8,efaa,5330,7bc6,9c7d,ae49,638a, 6b1,1e08,af69,413f,ba86
7f4c,c850,2da7,1cb8,f602,2fe7,ae12,c4b5,ca12,f720,2985,77bb,4be8,4379,dbf5,a878
ef6f,a42d,f6d6, f40,2b6e,fd4e,2a3c,80f8, 1fb,2436,d42f,7e01, eba,21d6,1b07,d945
74f4,c405,4de5,6d6b,72ec,d87b,7d40,ec80, 279,f5a3,c905,4684,6d09,ecfa,b779,4de8
335c,fbc7,b552,74d6,a59d,64a4,e876,b534,74a8,49df,631f,de3d,8710,3819,b67a,a73d
e2a6,7f0c,7aa9,dff0,1e27,fd13,c605,ef2d,  ea,3550,11d2,242e,5e2d,f9b3,27a1,d4b5
57f1,1a80,6c7d,f1d8,723b,8029,6d66, ce3,e761, 944,53fe,4f7f,ac29,ea0e,8843,7b32
ee6d,7270,535a,829a,6963,7c3d,5040,56b3,7e1c,344e,567a,e4e7,5276,7163,fd65,ae49
473e,4ced,823d,8970,fc2c,2af6,16f4,4812,7f51,72dc,b97d,5e5a,b57e,7663, 52d,fc77
7164,66c5,f931,7e15,6b64,eadd,7692,9b51,b82b,81ed,83c0,3dea,8661,b9d0,3003,ab4c
86c6,c60b,9abe,5855,958e,67ab, 580,357e,6e09,abe6,a5a7,4f52,58e8,c052,8b79,5aed
a61b, e93,b113,6041,728d,d8e4,fb64,6fe4,6ede,56f5,d07d,22f9,d3ee,b976,8097,b76b
fcb9,a337,e221,3509,1098,bdf2,80ac,e2c2,4fe1,104c,4ef5,b880,8022,632b,bd84,ca37
1ff5,8dd2,e1f7,9edc,a1ce,d173,80f6,6acf,ff32,a63f,bfb8,e13b,1d77,cf1a,7fc6,c6b1
6cfc, 424,22dc,374f, f3f,a81a,3023, 21b,2624,263b,1441,d710,2910,f749,4214,ce44
27d2,3209,3553,1514,1610,1430,c0fb,f71e,515e,efda,ee30,f41d,223d,5529,5eed,1447
eae0,2af8,4110,1323,e908, d14,17ed,1b41,5bb4, 30f, d2e, adb,f11e,bea6,a466,21d6
f4be,c5fb,e928,e3ae,ff32,e13c,23dc,ba01,f983,d226,3549,7edb,cbd1,16c0,f6eb,c7c8
3acc,e20d,c711,e8a8,6520,6047,4287,552d,fd48,d655,d6e3,337b,a528,d536,7826,fd99
a7ed,37d3,2f1d,f43a,e50a,58dc,89ec,6f49,cf0a,25e1, bf9,fd21,6aeb,b31b,bfe4,619b
85fa,4669,defd,b684,cb37,f8af,1ee5,8bb8,8327,3e10,220e,9ada,d5b8,999c,4bf8,b1bc
44d1,2479,48a9,7e0d,5b28,269a, 4a1,a71b,a2cf,dbbe,ddc0,d7f9,fa25,ddc3,1db4,ade4
c2df,a7d4,b4b1,ffb7, 4f4,c924,ce9c,efba,d2e6, 6e3,93df,43f0,d3d6,c2bd,e7f2,fd01
d8d4,ebbf, ea7,f6a6,9ade,bed2,  d9,cf2c, 521,bbfb,dbc8,b0da, ff6,c809, 6cd,2629
4a67,e97e,7e09,2d75,cad2,6049,8c04,6073,5ac4,7f37,446a,947f,7fbb,7f3e, 7b6,f827
7fe5,5e7d,e610,ce8d,a37f,2007,d8e0,8016,3240,d16f,dc31,956d,570e,225e,4165,16e4
e400,e931,2e46, c46,c57c,2e72, fe0,c7e6,65ef,4b2b,daf0,f4c9, f3b,cd49,1f49,4bff
c689,1a67,2942,ea35,f6de,d328,de15,b65f,ffea,7bd4,2b0f,7f9b,7dc3,d02d,196e,53fe
5dd2, 470,7f07,640d, d40,6d7f,3ddf,9d1f,2f38,3d7b,1711,1a26,ee2b,e75e,b411,bafd
235e,aa78,5bf1, 57b,311d,8b63,6a1d,25f3,58c2,4178,7848, 2fd,f303,7ad1,1423,807a
64ec,8d08,4828,1255,4d5f,4c76,bae0,c221,6c46,c04b,e25b,990d,2041,60e3,7ecf, 9d3
2c0c, 4ba,7769, 4c3,d530,6f40,a83e,7980,227f,2a24,9a4c,e60d,aa19,831d,d36b,58ba
  91,2b34,7972,9853,4829,dfc6,ab80,7796,3742,412e,d86f,77f4,2e1e, 749,1a63,387d
12bf,6cbc,2994,c8ca,dc3f,1b70,d65c,1639,4129,1063,5699, 27d,e77f,1757,1469,1a7b
6dea,7af3,d67f,5b7f,6b6b, 17f,6f84,2ae8,c068,c36e,bf12,1b6b,286c,e4d7,febd,1df0
80a6,a246,fed0,62e8,99b1,64dc,d2fd,347a,4d1b,f633,e5c2,2e41,d5c3,e35b,383f,4712
7fcb,6f39,21df,6e7f, a56,d4f5,5371,7d27,463b,2244, af2,2c50,de11, 124,cc47,240f
 31b,2b31,3ff4,d9fe,5e16,3a5d,186c,290d,3cfd,1f41,4c7f,1a56,1545, a35,effb,d057
4440,52de,a816,ef27,6221,2826,1d24, bfa,300a,23a7,2d29,4c28,e338,3055,5022,1138
de22, b64,5d2f,146f,be11,e92a,c07f,5336,3a6e,5754,b653,c329,394a,6f19,293e,48da
3622,263b,7124, 419,fe56,261a, 92d,d01e,625a,39ff,a545,af46,5133,2e0b,6036, 6f9
33c9,171f,5348,460d,c944,3126, af9,37e8,e014,e1fe,c2d7,29f9,71d7,6240,1dce,ddaf
c331,d3e4,ebdd,d0e8,2307,fb1e,ee3f,a5b4,40c0,f56b,e6df,ce22,9140, a04,f014,b56b
ccfe,f1f9,e0e5,dc07,f30d,e3ec,6840,fce7,d534,d0dd,c1fd,b3b4,df42,eee0,11fd,efc5
e79d,f880,a053,f0cb,b235,9adb,62a6,d6e9, ed7,d7df,9c80,1bcf,c52c,87d3,f580,a8a0
c240,440c,e780,fb80, 4e4,15ba,15d7,7415,b4db,b86f,5ea8, 8b0,d395,803a,e0dc,f159
e7cf,d152,b7a6, f12,30e4,cb87,fc89,fbfb,c819,41e3,54e3,c4ab,9f0e,3135,db30,edfd
bbf9,c1ca,da12,b732,bc12,cab3,bc32,f321,f9f9,e537,38e6,c61f,96ed,f11d,f100,e1cd
c1e5,305d,fce8,cedd,f8eb,ff3b,8239,18bd,c731,3527,b2ed,ee1a,  ed,63d4, 7ec,da11
1b4c,f152, be7,301e,d025,1617,fe20,4f3a,312a,4139,5c6a,ebfb,58e3,2c46,171d,3841
15fa,d945,381c, c0a,201b, 10d, 93f, 12a,6c3d,1efb, f4b, b20,1935,4816,290c,3ed3
 40c,5a31, a48,3a2d,b610,1355,230f,f30d,aef1,f7de,1445,200c,ebfa,32bb,d3db,2b21
802b,100e, 20c, b1d,2402,cf3c,e102,7fa3,5ae2, f69,1eae,8086, 721,f4b8,1823,a3fd
e6fb,ec1b,1cf9,cdc6,1906,d71f,c37a,f426,2e44,ef61,15f6,5e53,c57f,3b1d,4751,164b
7dfc,287e,770d,1e6d,44e7,d7fc,3a1f,7f42,4e0c, 34b,5538,5c99,1248,4508,7c49,8970
173d,6d8d,5f2a,3b33,b4fa,470c,884e,1c25,7b14,29e2,d83e,150f,5834,5a3b,3dff,df78
cf30,14e5,1c31,2d5f,d11c,444f,b447,fb45,321b,f898,e1e4,1682,5574,f610,37f9,9c22
a9bf,ab18,ccd9, c95,dd1a,f3e7,7089,b54c,c980,849c,e024,710c,82a6,7886, 522,6262
28ce,75ff,c6af,542b,f536, 5b5, de0,e424,1b33,ae8d,6a58,78da,ef83,96be,efb4,1f84
17e7,f631,ae07,3f16,5717,30f2,c83b,dde3, 658,d3b3, f4b,7510,293a,b1ef,cac9,b97f
 d9f,d52b,b425, e72,8c19,f9e5,cb67,e07e,7179,1de0,e767,35d8,a0ef,50d5,472e,7a26
7fe2,bff9,1ef2,1fe5,d011,b81e,f538,f59b,bdd0,423b,1712,eab6,fd15,d5fd,c425, 40a
31f6,fbf6,f0d8,d1f4,2e01,4afd,1b53,23e3, eb1,6ff2,cae1,4474,1fe5,4ee4,2b33,ec04
 623,5724,203c,39ea,9c69, f7f,2fd1, 180,7f8c, d01,de09,d7db,7a68,d1bd,6ef5,18ee
d806,9ba1, 92a,e30f,e7ed,2df1,e3d7,5485,8bb8,  91,21a1,775a,81a8,2dbf,c0fb,1adf
35fa,1354,6698,2b03,  64,fd21,3b3f,1d13,88ec,8f00,2db6,3745, dcf,8039,a01a,c87f
28e3,ff0f,8080,eb97,4870,b7c1,cba7,f582,eae5, 966,39c6,fd5b,ce0d,8b99,ae51,2880
8981,d028, b28,409b, eb4,330c,56f0, dda,3206,380f,115c,93ad,d6f3,26ac,8c28,425d
4113,2b0f,e5fd, 72e,6412,d269, c06,ae45,1de1,3450,965c,7f4a,a871, a42,4cd2,f3b9
d25f,fbfc,4906,a0a4,c7be,79d3,add7,88f8,eb23,4aff,a52e,9921,7ff4,8e50,da97,7f80
e54f,962d,8acc,2c99,b132,a132,2083,b442,82d5,fbdf,ed52,8a80,e3ca,69fb,56d0,fd83
e53a,b332,eebe,a533,644e,  9c,2021,eb14,9402,a281,b211,8b80,7f80,3b84,7fa2,9e80
2280,b78e,a0a3,3368,80aa,e7b2,988f,2cc8,c6d3,1dc9,8384,812e,d280,a080,fb25,7f28
af80,b2c7,6885,79c2,c7a1,914f,9bd9,87c9,96ac,c7f7,a0f0,d2dd,7580,d6d3,8a81,25bd
b0b5,e105,f7de,1bff, 7e4,532d,b8d4,fb1f,99ca,c466,d9ca,ee4e,e5fe,9f49, 1e5,dd83
1bc6,4c0b,eaf3,55f7,e5d8,d08b, f3a, 34e,341e,d676,f7dd,acb9,3f0e,df3b,7efa,798d
fde3, 302,e917,bb93,5dfa,d2c5,a217,23f7,8783,9bb8,c7c7,db81,dca6,ae37,ebfa, bb8
c196,8232,9680,181e,b417,8029,96b2, b97,6409,5921,cc9b,8a87,2893,cfa5,af2e,6135
c49f,9d78,7ede, a98,81e5,ab29,207e,1b9b,ebe8,9b50,9ccf,e902,32de,a1b4,c9c4, 63a
8f90,f3c6, 6cf,fc72,2cb1,6d04,2690, aff,fc85,12ec,be85,7f1b,b4ac, cf6,dd1f,9e1f
ed34,e5ed,bafc,35fe,d803,d7bf,af16,19af, ad5,80df,49be,863b,c69c,ac61,82f4,d47b
4b35,d3ef,bd11,419a,eb78,a8b5,80a3,9ac0,212e, 500, 814,f976,4f4d,8049,7fd3,db6e
fb67,d8ff,c6ba,  a0,910b,4819,ba80,99ac,a258,de80,ac48,faea, 291,9426,bffc,f818
1103,da0c,c49d,b2b7,2cd4,2de4,7cc4,cb71,d624,30f8,c6ef,5eec,fab5,1ce5,d8dd,9532
 89d,55e8,3cd2,13f8,2212, ede,d48d,87c9,ef70,15d3,84d8,fa50,4a76,b83c,2f0d,1a0c
 1b7,3f4a,a7e7,6d0d,18e7,5acd, 60a, d74,a41d,dffa,4117,ac0e,e1d2,98c9,172d,7504
19c9,d928,a586,d9e4,7f0a,f7c1,4435,2bda,7312,5b17,fc51,f55b,3378,7f38,6f6b,5b10
6357,6476,7f77,be66,6745,7f7f,5f71,5570,6564,4a79,4000,5660,2adb,592d,e821,5006
10e9,1124,8605,3334,  f3,1ff2,fdf9,f291,4916,fe12,ff2b, d01,b2cb, 619,2208,180d
f816,8080, 70e,2ef0,fd13,47e6,5a7f,d81f,2a02,  1d,2dca,4f13,e6ee,1f00, c42,1cfd
e37f,1531,35ee,25da,1b25,b97f,43db,ec09,2dd6,10f4,3f80, 910,24f7, 8fd,f41b,fec9
3916,fe15,f73a,   0,   0,   0,   0,   0,   0,   0,   0,   0,   0,   0,   0,   0
   0,   0,   0,   0,   0,   0,   0,   0,   0,   0,   0,   0,   0,   0,   0,   0
   0,   0,   0,   0,   0,   0,   0,   0,   0,   0,   0,   0,   0,   0,   0,   0
   0,   0,   0,   0,   0,   0,   0,   0,   0,   0,   0,   0,   0,   0,   0,   0
   0,   0,   0,   0,   0,   0,   0,   0,   0,   0,   0,   0,   0,   0,   0,   0
   0,   0,   0,   0,   0,   0,   0,   0,   0,   0,   0,   0,   0,   0,   0,   0
   0,   0,   0,   0,   0,   0,   0,   0,   0,   0,   0,   0,   0,   0,   0,   0
   0,   0,   0,   0,   0,   0,   0,   0,   0,   0,   0,   0,   0,   0,   0,   0
   0,   0,   0,   0,   0,   0,   0,   0,   0,   0,   0,   0,   0,   0,   0,   0
   0,   0,   0,   0,   0,   0,   0,   0,   0,   0,   0,   0,   0,   0,   0,   0
   0,   0,   0,   0,   0,   0,   0,   0,   0,   0,   0,   0,   0,   0,   0,   0
42f8, 819,12ad,512a,150d,1347,25f3,81f8,43d6,5f34,3312,f915,f78b, d36,85cf,7f28
8101,6331, a79,8919, acc,7f5e,747f,ee18,7ff9,7dfb,f74e,ac80,f201, 2bb,7032,d43d
 5fe,5500,282c,3516, 330,4135,483f,625b,287c,e3ec,f6da,240d,f029,1f2d,fde4,d34f
dffb,f30f,b692,cfca,c3af,3e1d,f532,183e,340b,d04f, 3f5,fff5,8061,44ce,784b,f54c
 b0a,7f5e,82f9,4ce6,f73a,af02,def3,f6c7,9bed,c6c6,2ce9,43a9,3d5a,1f82,1908,f30a
160e,3dfa,881f,8881,cb8c,ebed,654b,4f5d,fbf8,cdcc,  d5,5306,c6d5,f50d,15e6,8d83
 67f,485c, b4f,9500,d939,8081,5b93, 21a, 71c,fb26,3502,ef34,fef9,afd5,7e34,167e
4e43,163a,dad0,2153,fdff,4f12,f326,4a4d,70e4,7f7f,3e75,2e45,b9ff,3b35,407c,4607
c5f3,91b9, 499, 14a,3335,eee5,1318, f1d, 351,d61a,f7cf, 6e8,140b,61a8,f62c,d2e4
f31b,838d,40fc,7c3e,dadc, 537,5a75,1006, 21d,1efa,1322,8ae4,f1e7,5247,eb00,d9e1
e107,b8a0,7671,e11c,b5c9,7c48,80e8,7035, 474,80c7,bfa4,2e40,1447,c0c4,f6ee,7aca
e938,b686,bed8, 4dd,c034,c1c2, b31,dbd9,4d34,7200,858e,db97,20ca,6b53,848c,1384
1365,2ed6,2442,fb1b,6c59,f97e,e1ef,e9ee,22cc,7f09,f29f, f09,cceb,650c,3b51,2004
754d,3df5,4e24,4be2,37a1,7f4f,7549,4a6b,8f8a,8006,fcfd,7e06,2937,de38,eb7d,5a6c
44ac,ece7,bc42,522d,4b62,4a9f,d35a,18a0,1483,1600,241a,ef4b,66d9,12f8,8448,a56d
af84,c8f6,e5c1,818b,e3bf, 2df,54eb,a3cf,29e4,b3c5,acad,c584,d5b6,d9bd,ffd2,9aab
e3d3,bc95, 5e1,b9e9,66d3,b0be,eca9,3205,9ca1,d81e,1eef,f5d6,4fae,b8f7,8d97,7f41
99ca,8dc9,f28b,90aa,6b91,ea83,898b,eb06,  9b,91f4,2f92,7f9a,5bd7,bc21,e45f,2135
809e,9f4f, 73a,9214,1ff7,813d,d0da,5fd4,598a,d1c0,d157,b611,4c63,fcd4,ab6a,3fa4
2da5,2322,661a,2082,f5fd,43d8,4cd5, c1e,cb6a,85c5,7dbf,2418,f4a3,2dfd,4393,ca5e
be88,86c7,d699,be84,6913,85f0,5a18,a6e0,c64b,a1f0,ca8d,b3e4,8269,a86d,c3b2,f6e0
cffa,2ada,c2bc,3992,a983,d8e4,b86b,3381,8407,8b6e,2494,7524, 8ff,cbc3,4606,dada
db18,80b7,84e4,ecde,73d8,97e0,ef7d,76bb,add2, f85,3aef,90bf,6c8e,5f20,7ecd,9750
5f7e,18d2,e4f0,c202,706f,adf7,e6ab,c527,2875,8732,d75c,483b,7f4f,5e1e, cd0,9b8d
f244,e844,6c3d,d4e9,372f,42e1,7faa, 3ea,c580,e4ec,39e0,9241,fd93,790e,f640,54e4
84b9,832b,35de,9081,7220,2883,c633,2280,8e80,9108,eb80,4389,fc37,8f19,c481,e581
5fb7,ddd7,16c2,1605,84d4,de8e,abd0,7f12,f2b9,9acf,6a9c,7c9e, 1a0, ce1,1af6,16a6
abd8,8069,bf80,4122,d1ab,a28f,7bc4,8071,efad,25da,973d,82fc,8a88,cde9,ada3,13b0
cfba,38f9,288f,5a5c,cbe4,14f1,a596,aa92,229d,d267,978b,4a1f,3884,85b2,ef24,85e9
a183,897d,7f9c,88f4,e23f,8a01,f7ba,ed30,389a,2243,f382,8301,a646, dcd,cc80,83e9
7e72,156a,a48b, 738,7f50,b6e2,7f7b,4d0d,36b7,1d58,785e,c4b3,ffc5,4427,507f,7e7f
47d2,80e1,f05d,b745,2708,3715,1abd,947f,7676,3b89,8b60,4c73,6971,645c,8247,ba71
7f57,6087,427e,7c6e,c753,f061,1d34,8059,d03c,edea,3813,2f0e,deaa,cada,2ab1,2422
38a4,e68b,fda7,404b,ba84,1486,e899,f8e1,9f29,ab12,bf84,eaa7,7531,7f0a,4d71,6350
9adf,f673,4883,5578,5ef7,844f,4682, d37,8093,9cd2,82be,17a7,6198,26fe,20b8,8a97
7fbe,2380,804b,8aa1,7cee,76f9,2952,7ac1,6a9b,8094,b780,fd99,e1f2,9ea4,852e,8d46
 4d5,78f1,6bdd,88ff,80cf,c380,b10f,6f28,c484,b907,f9a8,6cb8,7c83,ef4a,ad48,6a71
cbf6,839c,9a67,4ec7,ea88,87f3,7d66,2d0e,ab82,8883,f918,bd85,1ccc,7c2e,8cde,f884
f7a1,fbb4,b484,7d3d,1502,8d5c,deae,dfc9,bcd5,5ced,b52e,7ff0,bbd5,9cb5,c47b,1414
8c82,d80e,7293,3283,50d1,9ff9,2d49,6a0f,b2c2,ee58,a680,e112,6c81,84de, fa9,bf23
596b,6d12,377b,347f,857a,d427,875a,2b3a,c804,7b67,5067,86bc,2a95,53c1,f734,34bd
e6eb,7a26,2a4e,c0db,ea6f,dd57,1790,c508,1263,540c,ec24,aa0c,ef23,fe92,2a95,cc7f
79c6,7a43,2ab7,6a75,9e71,4c60,7af2,c928,9b7d,c3c6,df15,bde9,2e8a,1d2d,6c8f,bb3e
fa62,1cac,c00b,8a4c,ea9e,e4f4,db80,19af,5711,e3f6,837f,fb32,d917,a410,78a3,b304
d966,f8c0,1615,eab8,f6dd,dd1a, b90,cfc1,92ab,a24e,d5fc,ed46,f4ae, df5, 6ab,  fa
e85a,9f00, d9b,808e,7914,620a,b47f,5ca1,7c2f,a971, ba8,63c7,8e66,dbe8,34e5,8019
1fc8,7f15, 6a5,5b03,80b4,37a7,80df,6286, 913,ab7f,7fcd,5e09, 5f5,ffdd, 17e,4e7a
2acf,83ff,806b,e380,23d6,8233,8c7c,7d86,afd3,b344,5588,ddeb,4996,d3b5,64fe,d9e8
c0c2,8440,ae82,399a,f1c2,ec95, 7a0,8781,1a64,1cec,da03,a364,a7eb,b5da,8f31,5d38
adf7,8014,41e1,2d70,fee0,f680,dbaf,20fe,dfec,8cc0,ca21,93b0,149f,df96,c8e4,dec4
87d9,bef6,a7d8, 1ae,617b,3e82,2d37,e5b6,ac84,9b1d,e0a5,d080,fac1, af5,990d,ec80
ff0f,ccb1,9981,1978,b2b2,f49b,f215,5c31,e5ed,ca3f,76c5,2c76,2ac7,d743,fc09,3683
 7a1,b92f,8081,bbf0, a9a,8095,7ed8,8026,35e8,38f2,970c,9570,817d,31ea,f27b,5b9c
cc14,bf7e,d076,13be,1047, 1d9,6361,9669, 7cd,5784,7c56,7f0a,8104,85c0,80c9,839d
179d,6d1a,b75f,c5c9,ab27,722a,f28c,9100,78fc,1664,699c,327e,a01d,eef0,17b1,ce79
dcbb,1d9f,bb66,b54b,dda0, 47f,d882,d436,148e,8de2,e9eb,5478,9f7f,82c7,cc91,5ca4
8a5a,117d,3b81,eda3,f465,c5d2,26fb,d711,e411,d54f,609c,f88a,40e9,80c8,cc74, 87e
 d1b,f559,f082,f642,29fa,ec26,a207,1aec,60df,2911,aa01,439d,803f,27f7,827f,466e
2ed1,384f,537e,b523,7c49,134d,3335,e242,e35c,6add,7024,7982,87e0,e831,adb2,64c1
62fb,640f,ef56,390f,647f,6f80,3d15,dc04,3310,777c,6231,5668,ee18,d540,7377,437c
c4db,f42d,d91d,e8ef,27a0,c18d,87e0,9ec5,c378,a815,d1e0,43b1,df7e,9175,4031,bfca
7853,254e,afbc,83e6,5b47,7c6c,f9d0,3220,d851,c7a7,18fb,13bd,2a1a,d4c5,6d07,4c11
1080,96e1,34da,6b0d,f0d7,3edf,9ee8,5271,626d, bb4,b853,a9d2,693c, fe9,6164,f419
6c96,c503, 2e0, 4e1,cc13,f6fb, f6f,f9dc,58c0,e380,2d60,a30c,3296,44ee,2c04, c7d
4d23,43a9,e1d8,dde9,9047,1609,19cf,4ef5,f62a,d52d,dc29,3340,5cda,9c1f, 511,35b9
cdf7,ed27, fd9, 442,d1f8,5e1f,d9eb,3f08,f431, 9e5, 7fd, d45,19e0, bec, 5f2,c4d7
ecf6,140f,f307,efd5,bf35,e504, 22d,c41d,90fc,fcd1,3d12,cdf9,ccfd,f3c7,3030,ddd3
e801,26ea,  cd,e502,26f1,fef4,dd2f,d992,82c8,f41b,5497,c9e0,fc80,46ef, a8c,cd60
ebff,e788,f5f7,bcd9,4bd5,fc47,f196,dca9,1788,1316,9e87,4ce6,141e,e325,291a,1e01
b0c0,fd77,e800,d640,8fca,be31,279f,50a4,f889,9ccf,a33a,859c,75fe, b8f,8a80,dc99
b809,f53f,33c7,bcd8,e935,141b,c434,1cde,6b40,1d03, 50b,a62e,251a, dd9,6054,1375
275e,e818,20e8,be4d,d611,2063,430b,8d9c, 1c2,2f97,a52c,e944, f2e,3670,d613, 5bb
 380,3f62,d75d,e6e3,ccf3,3c1b,f0e4,174a,8b8b,bffc,5206,1be8,d2b5,f723,9f9c,cbbb
adda,21a1,d5da,1cc1,f9cf,da22, 621,8780,39b3,39aa,aaa7,3533,295a,bd0f,e27a,85de
b93b,aa31,50d8,27bf,33a7,b0cd,690e,f6f7,30fe,bc29,acde,bea8,3018,2c9c,d2af,b21e
8e8e,c340,7fec,9657,199c,7bf2,8f8c,b186,5de6,4ba4,c5ba,341f,3bc0,ffe6,295c,b3ea
335c,df28,e48a,ed3c,125d, 420,7dba,eddc,f2c0,f357,545b,ec2b,4bae,f207,8673,900b
f0fd,84e6,d704,adeb,2b21,7381,803f,7303,54da,4948,fe24,eb43,c0d5,1d35,de78,69f5
2927,515f,6142,1163,5964,4c5e,5037,3504,5839,48f6,7fca,e645,ad01,aabd,807f,efb4
4483,28f2,b42a,f7e8,377f,308a,732f,7f7f,57de,531d,e005, 70e,ab57,3260,79da,80e9
 e02,1727,6468,5e7a,a7a2,1f3a, ff9,31e5,ff7f,8bf7,45d6,1f60,fdfa,48c3,1302,1f59
c977,5c7f,c80c,7fbb,3d0e,7f46,19ef,efd4,e5ca,dc90,ed50,8c06,c708,a204,629d,857f
f801,cbc4,5634, 123, 108,5efe,82cf,c0f1,4023,fafe,d1b7,b2d2,25dd,5642,160d,f6ba
f4fb,cfcc,fb04,a324,f50c,23dc,e058,b7f6,2c42,df8d,e0fe,2bb5,a2fc,c3c5,d016,41b6
2ac4,f6ba,fe30, 60b,19eb, 7b1,7d56,f406, 9e4,14ac,44db,dcc4,c3da,a3e7,3b5b,31f5
601a, 4ba,b914,e22b,7f2f,2a41,7bf6,e1fe,58bc,f10d,d9d2,22e6, 82c,17e1,b313,10e3
8b07,6e8a, 227,921e,2982, 3aa, f3d,7f2f,e58a,30ba,ef99,c80a,66d4,9ef3,cca2, 337
544e,13fc,70ff,4b03,25bc,c50e,8b3f,f90b,d283,322e,25bf,2c55,bcf6,7fab,fd85,19e0
7f3e,13a9,c7d0,4c72,2ebc,4aca,335d,873f,9fa2,f9ee,be15,7bc9,421c,f6fd,305c,495f
aff5,a60b,  ef,1165,789a,bae6,367d,ed71,b918, 786,8651,14d4,3fc6,1fad,8c13, 1de
4f03,7ffb,3058,2376,ed5b,d936,5fc0,a579,fb7f,46f7, b2e, df0,3954,5ba9,795f,e957
9cbc,885d,955d,b6c6,ce56, 72f,fd11,9e10,6e16,1df6,d336,860f,aff3,d4e4,b173, 42c
 6e0,3a15,ff14,75ed,dc66,5dea,2503,1787,519f,fdb5, 80e,d34f,70d4,8566,6100,9966
d204,af09, 234,fb66,a0d1,fecd,e9ae, c13,f308,82b2,f570,9455,beca,1531,897f,d8f2
fd2b,3142,5305,e98b,d8ec,6ce6,10e0,d3bb,32f1,1478,24d2,bf2b,f337,d638,669c,b1b3
bce6,bff8,8cc1,809a,1317,dafd,184d,8bb9,332b,c447,1ce7,1f45,8f2e,ee12, 9d5,2731
5ee8,d855,d1bd,63d2,e3c2,10df,9ddb,3cb5, 185,fa68,69f6,f3ca,a472,4444,244e,ae63
4fce,8834,95cd,e2bf,3e37,b2fa,f1db,5c84,85d8, 107,35a6,87ec,39f0,c9f0,7f01,81d8
f526,b745,b4df,f8f2, b4b,804a, 984, c38,6074,fe80,b238,859a,1bf1,fef4,8102,40c6
103b,e17f,7511,dbfc,f417,4df0,d3de,bc2d,fca1,ad7c,1ea0,82e8,f2ab,49ba, fda,109d
c4db,cf64,ec2d,4b0a,3952,2d15,807f,7a01,b380,ca45,6104,e496,4aad,eedb,f295,9380
2ae9,ab14,35a7,be4a,803e,d59a,9b1d,4fae,7f9e,2057,fef7,2742,e5e8,5ee5,6c40,7db3
44cf,2c6c,9b84,f65e,88ec,d6ad,56ca,8077,e618, d33,879a,1f11,3e15,63fe,7fcc,fc7f
7ef9,d1b3,dbf9,da8f,dcf2,1d03,487f,8b7b,cbf1,fef0,ea7c,763b,f188,cef9,1d5c,604b
61f5,2fb9,e4ff,ce69,802a, 8d2,a3ac,67ff,b42c,2980,d87f, d1d,39d1,31cd,8912,e492
5334,c8bc,fb2a,39d8, ace,23e4,1006,f000,8080,b1da,e4d6,59d9,d6c4,ffa0,df52,41ef
1001,d926,1519,ae80,f31c, af5,41d5,b87f,8c9c,8fb9,d8b6,d31c,479f,ce42,99a1,ee7f
d339,c22f,4003,476a, d24,a4e3,27a7,f31b,e614,f5c0,8c31,f36c,2141,d7a2,3d0c,2221
1fda,fefd,bae1,b9d3,de55,18c7,e1e2,11f5,7410,1c62,7121,a3f5,9ed4,5d89,95aa,8363
3bfe,2792,d2db,b21d, afa,d33e,c142,8e7d, 83c,df85,b35d,264a,ab1f,d9fb,656d,2e9a
e5e8,da07, 5ec,2524,439a,4df5,18ac,7ea7,5a3b,c012,ab9e,6027,e77e,fee0,eaea,9aef
4026,35f8,becd,977d,8c0c, 2eb,b981,4e26,be65,9e86,83f3,f470,83b4,24ba,e634,f763
c7e8,c5a4,927a, 4ad,23a7,152e,a678,78b2,d179,f863,3331,72ec,2019,7b1d,1e57,4f43
126a,797f,7b29,7b44,552a,7dc6,5777,5b40,376d,773a,3e7c,475f, d3f, 93c, 8f8,3213
7a4c,37fa,42bd,ff00,4641,2d7f,2713,642c,160b,ef94,e080,7b3d,2d2f,c6ba,7f22,e480
38ea,1cfb,8014,8edc,d77f,760d,ffb9,e30e,3d81,fe7f,570d, 8d9,1508,7f80,1180,8203
4086,f9f6,9a2a,8060,360f, 787,2bff,8019,2472,81fb,4e7d,1b0c,492b,6a81,e0f1,14e4
cc32,2173,2269,   0,   0,   0,   0,   0,   0,   0,   0,   0,   0,   0,   0,   0
   0,   0,   0,   0,   0,   0,   0,   0,   0,   0,   0,   0,   0,   0,   0,   0
   0,   0,   0,   0,   0,   0,   0,   0,   0,   0,   0,   0,   0,   0,   0,   0
   0,   0,   0,   0,   0,   0,   0,   0,   0,   0,   0,   0,   0,   0,   0,   0
   0,   0,   0,   0,   0,   0,   0,   0,   0,   0,   0,   0,   0,   0,   0,   0
   0,   0,   0,   0,   0,   0,   0,   0,   0,   0,   0,   0,   0,   0,   0,   0
   0,   0,   0,   0,   0,   0,   0,   0,   0,   0,   0,   0,   0,   0,   0,   0
   0,   0,   0,   0,   0,   0,   0,   0,   0,   0,   0,   0,   0,   0,   0,   0
   0,   0,   0,   0,   0,   0,   0,   0,   0,   0,   0,   0,   0,   0,   0,   0
   0,   0,   0,   0,   0,   0,   0,   0,   0,   0,   0,   0,   0,   0,   0,   0
   0,   0,   0,   0,   0,   0,   0,   0,   0,   0,   0,   0,   0,   0,   0,   0
4a4a,3c6a,f823,fc23,adc6,bdd1,8584,baa7,34c2,7821,7fcd,f328,6a4a,a6dc,20d3,416c
7761,5f4e,7175,4858,1838,291a,c924,a8bb,23c0,6d72,dd33,b5bc,ab0e,8386,8095,4cd0
fef5,f89a, 3c0,eaf5,567f, 77f,be85,432a,14c1,114e,6b6e,401a,1112,e338,8c80,7f94
2574,bbd7,2b4b,1608,1512,ebf2,e3e2,fd61,dce8,c4c0,11cc,712a,73f9,5e5f,2d36,c0f9
3b16,8283,b3bc,87f2,3293,a616, de8,560a,6666,2c55,4328,29dc,fedf,f2e5,f2e4,f2da
bf67,38d9, 66b, 81a,e300,8d36,bfec, b7f,13e6,b3be,6332,7557,7e7f,5431,2449,c334
8882,7faa,265e,c3f8,e3c1,182a,3e2d,3665,3c4e,8584,2d3b,fc1d,3d1c,6d42,4c57,f115
1208,e9ce,12fc,c783,4229,7019,6864,3e79,cd34,accc,e4d5, c15,e6f8,ab9f,6538,cff3
17e6,6e53,d599,80c7,f2d7,d21c,f3f4,80e5,f6bd,c4e2,bcb8,80b5,ecda,   7, 813, 734
3520, 216,f8f1,3802,170e, 60b,6712,797d,ef6a,cfc4,9c9e, e89, c23,5e47,fc08,1c06
dce0,81cd,777e,c019,a1e3,14d6,d82c,301b, 90e,fb38,d00d, dcf,e950,9cb6,f492,b3db
8db9,69b8,5b7f,7a51,  20, 9ab, f32,e919,ee28,8798,1275,567e,fe01,eb11,c8e0,f323
3e68, 3c7,ea04,243c,f6e8,7978,727e,b5f8,fee9,e7f5, 4b5,edb4,b7ee,b5b8,e100,11e3
e4e7, 4e2,f6f8,d750,1eda,f5dd,  f0, 606,13ab, 9f3, 91f,6d12,2731,f500,1501,f43c
 62a,142b,420d,ed11,e321,1dbe,1965,e8ff,b0c7, ff5,14ed,f808,28de,152e,f8d3,eaed
327c,b946,321e,394b,c037,fe1c, 7fe,6b5e, 4d6,154e,57f8,7feb,d637,5707,3e3b,2aea
ea1e,2b9e,55ce,cd7e,15ed,404a,f336,5747,28b1,20c3,9df0,9f7e,44ed,4860,82de,7c72
2947,7f75,767e,33f9,adfa,2328,817f,2a7f,c79b,f9e3,d2d3,827f,a456,6d51,a286,3786
8a48,dd8b, 4be,1bd9,2f09,7403,a771,85f2,4416,8914,747b,cc7f,d06b,ebe5,4bd8,38d5
9b80,8b8c,e2e7,807f,26bf,b679,f0de, 56f,dca0,2dae,8674,2387,b0d4,e796,7a80,1532
d92b,b027,f3c6,b101,7fff,b084,2ec2,1e4a,f97f,bf20,b7d4,b696,ab78,f010, 341,f7d2
be18,807b,b9cc,91e7,80ef, 735,f280,87f9, 65b,f544,ebcc,3ef2,76d1,fc1d,8266,b9cf
e618,860e,9558,14b0,bcbf,152b,fa58,7ce4,13c1,b0b3,80e7, a91,5682, ecb, be2, 5f4
b675,9fcd,80ae,b980,9938,b8c3,c898,db80,a47e,dfbe,afcf, b57,e48b,82f9,5ac0,49ce
c5c6,cba3,4df9,2e8b,2ce1,1fa8,e5f2,8a80, afc,f8b4,a020,6327,2c9d,e790,73e6,e970
5863,f61d,e477,64a4, 636,8045,4d3b,7f12,1d11,4334,4779,f008,de2d,5449,1464,2f3c
96a5, 600,6620,5aa8,e854, 84c,54b2, 9a2,e373,1f08,daf7,2714,513f,38b6,8301,437c
f87f,3408,6626,7f7f,c929, b78,716b,3463,d2cb,5384, 168,ac7f,f06a,cb38,8d8a,cc06
c0d3,71a5,c5ed,f401,3ed6,e422,9faf,5cf9,8ca0, be3,9816,22d0,91d8,d288,df5d,876c
 405,421b, cdc,81ff,7fb4,b956,1f19,7f80,bbe2,7f1f,c5a0,f718,5a22,3e80,47d2,ccc4
99a2,b294,cfdc,5191,25d6,5085,4b9f,dac7,947f,b3a5,8680,4c93,9c23,8fca,c0e0,b99d
9bf8,ea5c,c7ab, a9e,6e23,7fb6,4ac3,22f6,9943,d07d,7ab2,1dab,b1b8,c320,bfed,6e8d
cb0f,8d82,99ae, e24,449c,afc4,7c87,15f0,92de,82fb,5ddc,4718,973d,80a9,c677,7576
7ff0,3c77,43e2,29be,ed80,5359,80e8,b29a,2f88,27f5,7f7f,6898,5658,e5e5,ab10,ebc3
 50d,2a80,4712,3105,3f7f,f680,51f0,800c,1e63,85ce,72dd,bfc8,b77b,8216,8076,2c1b
4461,f7ae,9320,e2d4,f346,d4e6,c956, 97d,7dde,8019,fc37,e3ff,b665,b9b6,d6e9,d72f
4e1a,eaa4,171f,54c9,1587,14ea,9e21,47ff,2ef9,504e,2ae2,24db,1d65,173c, e68,2523
 708, 428,79e2,2b4b,1f0d,b109,ea27,3b7b,82ca,e13d,1dbb,feca,118e,18d4,def5,f200
a2c2,f6d9,e8df,266d, ce8,d346,a5fb,4780,5047,282d,d9fe, 695, f44,d7eb, ae7,f125
95f8,cb25,591f,f291,af0c,c9b4,db3b, 5b2,cdde,cd73,ec2f,93e5,240c,59f6,   c,f304
df80,b602,b9ce,8a25,15dd,ede9,acbb,aabd,282a,d1cb,9a87,614b,c24a,c5da,1da5,fc70
8550,ed03,bd0c,f412,  a0,cd04,a8a8,1d59,b812,8fe9,3021,b4cc,b895,bf2c,8bad,6575
d1a4,ee42,c6a4,86cd,e39b,65cf,8306,22a5,92a9,e9fe, 48e,24b8,8206,6ac3,b4ab,99c3
f04b, a9c,98ab,bc06, aac,cc8a,e02f,1492, 920,e46e,fc91,c76c,771d,11be,7696,ecdc
891b,cb83,7964,8605,d926,b27f,2528,12a2,dcb1,c052,96c6,cead,5ddf,d88f,af80,bf3d
bbbc,454c,e87d,d358,1bf5,729f,38c0,f680,787c,61d0,d10f,f76a,a11e,72b6, 66f,dd1a
f07f, 4fd,c326,5c7c,2653,157f,c02c,fe99,1e2b,d035,1fff,6971,810a,f8e1, 8f7,7ead
fabc,7a2d,1947,c609,eb03,2bca,5a16,7fa0,cd80,ccac,c1f6,8080,2698,c2a0,1288, c93
cc5e,afa1,8f91,129f,81ee,db1a,18d3,b1b9,b0b3,1196,8180,a09d,328a,1fde,c8cf,3803
c395,85f1,5ba5,d180,5cb2,c9de,8f09,3999,8ef4, 2d3,89d7,1e27,30ac,b489,338c,9b8c
909c,b016,cca4,a124,7f91, d46,688f,1549,4753,972b,9c93,59a1,bed9, 1de,c5b3,80a4
5e4b,d0c5,923c,263a,ef9e,f2c7,94cc,2898,334d,8067,6bf3,f640,6480,d780,6119,2a6b
b843,efb0,9bbb,b888, da2,f2b0,bd96,ea8b,a714,a3af,c058,d5f6,829c,2eb3,80de,d7f0
e7c4,ebbf,bcfa,86d7,4a92,ba34,358e,6bd3,a52e,873d,85fb,cae5,3022,effd,96d6,81f8
df4b,26ca, efb, 8ef,a61a,dfcd,7fc2,8280,b033,eb3b,f79d,6e03,96cc,bcf5,54d1,9ff0
b9fc,8a67,7253,4079, 2f2,1174,2888, 631,7f60,3ef8,f52b,5e63,41cc,3f32,d1ef,b3e6
7fd4,806c,99f3,f5b0,9f4b,2a6f, 47f,8950,23ca,8456,f029,8169, 3a9,e24b,1000,7fd5
 512,479b,2e39,cb5f,b77f,ef28,4adc,bc82,95c3,e90d,5c1c,def0,9e10,d4b3,c425,e32d
 d6b,2d68, bab,70fa,8093,60c5,a532,b6a2,cc61,7f65,155a,37bb,714e,d962,7bd9,e3a5
f69d,f13f,6b1b,2c29,166b,f89d,4abc,80ea,4b11,babb,54f1,80d3,dfbc,fabd,ed38,4dd0
c2be,e287,be4b,8081,d0f9,cfc6,d307,1a0b,7056,c2f1,e92c,df46,937b,bde1,8bbc,eeb7
fc6a,4a2f,2d2f,33da,2eb5,3f31,1d68,1ab1,ced6,f87a,67e5,f5c6,e103,2b36,1253,7f29
3db6,a9e2,3da9,1f61,289f,9dee,283b,6d7f,993a,db0d,7dd3,11b6,26ca,4631, e3b,f119
 918,ffd3,162c,ff50,d5f1,fe71,2b17,1fea,7e7f,1cdb,f807,493b,74fd,3436,50f7,4007
8d0d,1cbb,e009,dca6,d739,6953, 435, 1dd,19c9,2917,164b,a7ba,2efa,2752,4328,2148
bd25,c6be,1cd2,d70a,  8d,5a07,4bd4,d8b7,f10a,16d5,c3d3,1747,a565,c400,b7f9,7fe6
cdf7,9cd8,f3e4, b26,93cd,cb4e, 936,f219,b60b, 7d3,c2df,134f,4bf8,fa14,80d7,a75e
99ec, 6d4,dc1d,952a,6de2,501e,d256,ea4c,1c65, b43,4f07,f276,e01c,d901,f55b,6a43
ec58,6248,3e55,a424,38e7,3219,51fc,eed9,3309,e331,6b42,d01c,2f6d, e14,1e23,cff2
785b,4ec4,c047,ce46,d83d,4105,4565,db4a,1015,74fb,4d1d,5b32,d01e,3b5b, 14b, a04
e2cd,7ffb,ee49,8214,8024,69b4,c9d1,a8ae,289d,e2bf,94ec,1e27, 43c,1c00,84bb,81f4
a10a,8716,d37f,1bd1,26de,acf1,6980,c43e,b714,af89,40fc,3366,d2db,ce2f,af9a,c433
9d34,d202,33f0,e7da, 48b,a1e1,3d14,82af,d2b1,119f, 74a,29fe,5bd2,33c3, 68c,f218
1dcf,ea06,a080,78fa,14a4,ede5,c5d9,8ff6,ae87,ebdd,a4a9,c4c1,a7b4,20e7,8aa9,c9fe
89ff,d854,309a,14c8,4d8e,c5fd,e46b,c4fc,4556,8080,e1da,a883,d83f,dfbb,d210,d0f6
557e,dded,df01,fb69,358c,60fc,f0be,e629,d6f9,1cb9,bbd5,970d,fbfc, b5f,b7d2,35a3
a652,ee28,dfa9,5674,f3b5,b0e6,91c6,8214,cce9, aa9,8dad,1512,6294,8c38,80df, 5c2
a8c1,7b3c,fa05,20df,419f,de05,8f22, e7d,6de9,1b08,e466,75d7,3a52, 530, c50,c8ed
6786,f457, f0b,355d,d6e6,c2a9, a5f,7707,68e6,e9ae, bbf, e4f,aa03,adf5,8cf0,c8d2
f2ae,264c,94e5,e99a,3705, 6c4,fb70,8039,4fe0, 916,ddef,1771,bf7a,bcf6,6e3b,11e9
21f2,f9d9,9dbb,e3b9,4cd5,b2f4,50fd,c9da,ccff,aec4,b7ad,2fff,bde8,d1fe,cce5,1dd1
bebe,9c8f,fec4,2f0a,269b,e9ea,cccb,def1,dba4,c1b3,1b89,fbf6,8027,d906,b5e8,f10e
1410,e3ae,dcde,dd32,25da,d1b9,a100,3c0a,4333,382a,ecbe,532e, 124,9bd6,e425,f148
1a09,1822,2f11,aa9c,dc16,43f2,6848,db45,ca9f,36af,2b38, ccd,fad0,2c16,b6da, aca
20f5,1cd9,8700,eff0,1e20,361c,3fe7,db6d,f43e,f428,187e,5627,f034,e821,3b33,4e34
1a3c,f83c, 10c,3663,c91c, b10,1428,393f,2e1f,3a44,4e37,ee17,ec14,480e,13ef,1f05
322c, bea,2737,2b18,f2bb,fb68,fd18,32f9,2d21,1b00, 414,d218,f050,21fc,354e, 22e
6b01,21cb,51fd,1cf6,  f4,1141,fb7f,280d,aec6,c9d8,2207,778f,6098,fdfa,e6d2,b380
8ee7,c5f4,bdaa,4506,d349,cd3e,b65c,80df,2cff,d723,d001,6a06,f1ec, 891,ef6a,bb38
8f4b,807f,3fd2,db06,25ef,8dd7,5ef7,8ad4, 333,a3c4,b8be,8bef,1213,ebd4,f780,cabd
5917,38e3,ddd4,f763,fefa,8358,434d,4a68,ff70,f74e,112e,65ad,101e,be53,30e9,860f
3b3d,8083,4453,7fed,3d85,4067,7384,b04b,56f3,1375,31d7,e0c9,5b4d,3cdf, f30,7c5c
5e3f,363b,7fcb,dc7e,867f,2c50,1f4b,4f9d,ffd9,  85,e6d3,d602,2d26,14d5,7088,df66
807b,f7bc,bad8,9843,d8cb,f410,bddf,13c9,adc8,18eb,912d,bc4f,f3b1,aa1a,21be,dda4
8a24,331f,f7bc,1d79,94bc,15a3,4cb1,141e,edf1,eaa8,  e2,31ac,4ae4,12a7,2e00,f73e
315f,b98a,8741, e82,5e91,d7a2, dc5,15e3,82b3,801b,9180,5fb0,9c6d,80b3,8282,d5ee
8919,80c9,c782,17c9,8982,f187,6da0,7f68,b50e,be97,b683,7f86,4f81,8f3a,108b,d77d
f67f,8cbd,c48a,6c72,2982,d6e1,8a7f,52de,7fbd,a3d8,810b,edda,71d2,14ae,e736,1287
d947,bad8,80b8,c08f,efde,805d,63b7,d4f5,fd0e,e1c6,122d,b926,118f,1c33,1bbe,43f6
17e0,ec8b,29f5,f5ac,fdc0,7e07,acb3,c48c,a0c9,2247,cf1f,7859,4886,e4fc,47cf,23ab
d9c3,97c4,8226,bcc2, 7f2,80f9,4e2a,2e55,2008,b63e, c0b,4d3e,a025,f202,858c,8bdf
eac6,7289, f7c,4edd,c9a1, b07,ace2,7883, 9c1,84a6,f7a3,603e,71ea, b1d,ccd7, 67f
d919, 124,78c5,806e,e2d3,811e, e59,272a,406b,4ff9,f0ed,8a25,d0cc,ced4,c7cf,7875
5b37,ff0c,c738,ebbc,620e,e34b,eb86,7bf0,801f, 184,c459,3582,9bc0,bad9,56d9,861b
d912,3a10,eebf,4812,a4c9,7657,6856,dc80,93ef,3b72,d0bd,dd7a,f4a6,d135, 4ea,ab6d
2adb,ddbc,f3ca,d564,3890,  e1,2ea5,ae70,b579,e1ca,c2ae,ca16,e522, 463,f876,d9c3
30ac,a9fd,9b1b,bb28,96f7,f31b,102f,d369,834a,cc85,850b,83f1,1bcf,e7d4,4854,c480
cbe0,1580,1a57,fed9,2202, 4af,7eaf,9292,9547,21aa,c3cf,80cd,79c1,efc1,2bd2,d5fe
5d5c,8d11,9090,f380,9084,86a6,b2cf,8630,ea80,80a0,8e2e,44ab,80b9,4dab,81c0,f700
c179,e48c,ed84,2eb1,8d95,9a92,989b,9482,1943,881f,fbcb,7f97,39e3,99e5,8bd7,3165
 3be,  d6, 4e4,ddf4,565a,bfeb,5eb4, 125,f752,fc06,cdf9,24d1,eb75,ecd8,1f7e, 46d
59bc,39a0,e974,772e,cec4,2a59,eef6,f3c1,db51,dd02,f536,2d37, b0b,eddd,3a2a,5a6a
e90f,dc83,252c,5aec,10cd,fe04,cd77,78ac,597f,4b45,224d,e634,696d,2459,2523,42dd
746f,4d37,606f,7d7f,2d47,3179,7f7f,63f6,1a2d,466b,1f67,70f4,1834,1adb,faf1,ca80
 d03,3e25,f403,bf9b,c9d9, 4f6,9a2d,8c15,3a67,807b,14fb,2516,1ae0,f354,c911,ec24
f11c,f845,1980,ec24,c424,5f0c,247f,f1f5,f680,3334,b30c,e9e4,d510,83f2,ec08,ed47
2618, 8f1,8054, 615,f5fd,1dc1,e2d1,b043,1026,e102,2bf3,e806,f254,197f,c727,1057
fed1,3f3c,4f07,   0,   0,   0,   0,   0,   0,   0,   0,   0,   0,   0,   0,   0
   0,   0,   0,   0,   0,   0,   0,   0,   0,   0,   0,   0,   0,   0,   0,   0
   0,   0,   0,   0,   0,   0,   0,   0,   0,   0,   0,   0,   0,   0,   0,   0
   0,   0,   0,   0,   0,   0,   0,   0,   0,   0,   0,   0,   0,   0,   0,   0
   0,   0,   0,   0,   0,   0,   0,   0,   0,   0,   0,   0,   0,   0,   0,   0
   0,   0,   0,   0,   0,   0,   0,   0,   0,   0,   0,   0,   0,   0,   0,   0
   0,   0,   0,   0,   0,   0,   0,   0,   0,   0,   0,   0,   0,   0,   0,   0
   0,   0,   0,   0,   0,   0,   0,   0,   0,   0,   0,   0,   0,   0,   0,   0
   0,   0,   0,   0,   0,   0,   0,   0,   0,   0,   0,   0,   0,   0,   0,   0
   0,   0,   0,   0,   0,   0,   0,   0,   0,   0,   0,   0,   0,   0,   0,   0
   0,   0,   0,   0,   0,   0,   0,   0,   0,   0,   0,   0,   0,   0,   0,   0
835d,7ff1,1221,aa05,6e19,f61a,1029, e15,2f27,3c28,5087,294b,343f,2328,121c,b5e6
edbb,baf0,e2ce,9587,20ca,3f7d,fb20,b6b5,a0ae,823d,2e49,3476,28e6,2504,7b69,430f
2417,ee3e,7633,d0f5,f50e,a7ef,8285, 7d8,e1ee,fef8,652a,112f,6873, bee,31e8,5171
3473,9209,86cf,f0bd,b667,8da7, ad6,17d1, c39,2c0a,1641, 50d,e9ed,bebd, 7d9,1d15
5c68, 521,2e11,f81b,35f7, 802,e6b8,1518,c618,b291,85aa,f0b4,f213, cfe,edff,dce3
8086,a887,a0db,8fa6,  c2,e4e4,22f9, 637,ba16,37eb,91d7,dfb5,6463,6e5e,7f64,5955
bd00,5efa,ef32,cdf4,fe1c,e43c,ed30,f5ff,cef9,4a37,3e30,5a3a,4566,fe22,e2a1,1774
4b44,5226, 240,fad7,2c23,2413,1a2e,2c22,fe24,2524,db05,bfdb,d9d5,b5b5,8096,cc85
c7e5,12f7,e6fd,f00e,   e,2325,2efd,fbed,def3,5f06,de11,45e2,6a73,5372,2d48,ec0c
e0cc,e0fe,9181,4445,1201, 230,8899,f2b6,f534,fd12,e5e7,827f,dfba, 390,caf8,682e
d9bf, 10f,2f22,f920,8ee9,81fc,e7dd,8e22,f8af,cef5,eaa9, b13,1e3a,ece9,bedf,80ca
4107,1959,fee4,11eb,4af9,8080,4ac6,fd0c,3d3a,afbc,bfa4,2628,1c34,6978, 105,caf5
1ee5,331a,7f5e,7d7b,14c5,d7c2,fc5b,c7e5,be83,ee96,5985,80e0,1587,29e7,c8d5,5024
bb08,62be,d9e4,4717,c857,ded6,8713,5784,847a,7efb,239a,b7ac,d17d,80d7,b1a3,75af
8d2b,195e,22db,aae1,1fb8,ef5d,1f8e,2ec7,df28,e16a,8fbb,89f5,7bf9,7f9d, 6fe,5a32
516b,887f,7fe1,d177,3613,762d,3d0f,9da2,a706,46ec, 5d8,80a3,e450,f471,7d56,6d7f
564e,410c,3f06,f570,7c75,3834,7a80,c07f,6186,3428,c16f,e465,283c,c4b6,b554, 8f4
ecd2,7b8e,807f,3cb7,1571,46f5,3dd0,239f,7613,7eb3,9727,3280,4b16,7f3a,ca9f,cb83
5c9e,74f8,3815,8d63,9482, bf0,d11a,4ac4,c392,7e08,6c0c,72e8,a7dc,803a,a587,e7bf
87ac,2fa9,f196,2bc2,9d91,8089,8db4, b63,3792,6cf1,83e3,444b,7898,80ef,7f5b,e7ad
e2e7,7f12,6162,bc63,2323,147f,dd1a,37dd, a58,c322,f133,5534,151d,eecb,3917,912d
 d21,7d3d, 9ee,47b2,c403,f1d5,38eb,244a,4d58,1337,5b44,ce13,cce9,497b,202a,776d
3dfd,f36a,c6bd,5978,f727,f830,5252,711b, de9,26c8,91ea,e128,187e,8746,5cbf,9980
c600,c206,a83f,f2a3,c73c,9680,3b02,bcdb,a2cc,93dc,dece,e01d,e2ac,25c7,8ccc, b78
bf5d,802a,1d02,2b13,dfa1,ae0f,c4e0,7034,f1cf, cb7,80fb,7a49,e5d1,bb90,3d41,eaaf
8b89,3e9d,cd01,adfa,3ebd, 734,769e,2600,884a,8925,949b,76e8,8362,88fa,ef04,a711
547e,9fea,b2a0,810e,84ed,e689,8045, 341,3cf4,d5bf,7bea,a18b,f7a7,5f05,b17e,1720
3ecc,8680,b5a8,f1b2,e92a,c2b3,8590, fa2,fd3c,6bdb,8c7f,dbec,dd25,93ee,4526,95c6
92b8,1202,312c,6b41,c55e,  ce,9703,e400,7a3f,8e65,d37e,d219,5a24,1036,c1f0,9275
dcbe,b5f6, ac5,fc4b,69ba, 20f,e680,ed7f,2ed6,5f38,688a,e070,db7f,8673,7ffe,3f6c
ecca,56d5,8068,b4a2,e158,7aec,81a7,bd33,d37f,c09b,b3b9,c418,7727,c0bb,5ce8,7ec0
8027, 319,cfa6,8180,b8ac,af0d,5889,2cf2,c9c0,16ce,d01f,43fa,8080,ad7f,f0df,80f0
1b12,9f59,8aa3,7f26,1c82,17a6,a0af,f60c,8486,1cee,91c7,1193,7dd8,81a7,7990,86e0
7534,8fe4,bb84,7f83,81e5, f87,922a,8422,6937,80e6,970e,861a,6093,e2b1,e652,5f43
85f3,9227,7f99, d26,7462, 62f,d3d8,a4cc,e01c,85ae,6486,94e6,5a36,848a,4cd9, 88e
7c72,e32c,1818,12bb,34f2,9736,58e6, 37a, 5af,4779,217f,c656,6f19,7e7c,fd24,646f
e293,806a,c771,7f42,2b9a, 357,e710,7662,d13a,face,8e19,28f1,66e3,1675,5705,bd8f
 ded,bfe6,7366,6f7b,3883,167f,77a7,ec47,7f11,70f4,ef2e,b07e,b77b,7628,5a44,7d94
 c41,31d1, 827, f96,23b3,13b0,7f13,c83f,a312,1b8b,2c78,807f,86bf,812c,827f,a231
4081,7d0c,b77f,8f32, 6bb,5c1d,11ae,7f7f,94c9,7fa3, 95c,6aec,a4fd,3d20,6023,d429
2620,87d2,2d11,e8ab,57d3,d884,bf52,c785,801d, d01,23a3,118f,ad19,e22c,1d22,8042
38fa,a1f6,  10,661c,6bec,ffee,73c8,f8dc, 9ac,5c38,30bd,59d4,4061,1080,e1a2,f34b
18f6,e035,2e19,8083,1bfc,27ef,35de,dfdf,ab96,6b81,8e21,a58d,7f3a,7fed,88b3,8cc7
4421,c0a3,c1eb, b70,504b,  e7,c0d2,5396,a246,7b43,5f74,3eb6, cb1,ba11,b0d5,9a0d
84d2,cda5,34cd,5af3,a6e4,8324,dc7a,1d53,bdac, 50d,d3cb,7059,68b1,92ec,7fc9,43de
536d,477f,56d1,447d,9219,3f71,d935,251d,2e66,1026,3369,8068,7ffe,4256,7f34,cc7e
72db,3d38,515d,3afa,ed46,d71d,f68a,8de4,7c4b,7ce3,ae7e,96ee,b365,752c,2f2f,3c47
2906,6ee3, 934,7c2c,917e,7f54,f9e8,3d5c, ce3,faea,8920,d43c, 37f,ed72,efbc,c682
cd62,e5c6,86d0,9e11,4e02,bb17,fae0,bfb7,f918,b3e8,9dd6,2ae6, 1e8,f1d7,e8ab,a931
ae28,192a,4aed,11c7,e0b4,c5cc,e21a,4e0e,3325,3304,afd5,3105,de35,e3c5,4043,b2cb
f8b8,8e99,96b1,eba9,79d9,7d1c,67ba,dfb7,3ad3,80ed,a691,40f0,a0e0,a90e,9ef4,b5ad
f4ae,2e80,aadc,7433,809a,9c93,aeda,387f,b4b3,83ea,3188,6561,2980,a54e,4e74,c9f9
9fe5,b984,c6ca,b495,1a84,81c9,e9f2,b523,1033, 282,817f,  d2,1926,8782, 5e7, 2f8
 8b1,c82f,c413,faf5, f2c,c643,cd9f,efb1,8609,e028, 95d,7f20,aa80,fdd6,fc3f,3c7f
e2ea,b8a0,4085,6c3e,7b11,c380,e5a9,ef56,7f15,ba51,69a3,6666,f658,8338,fb78,f3e9
9f96,9ca2,f2ef,d780,23cc,fef7,ffb0,a4e5,e123,929d,9583,6290,91b1,8edb,8bca,bf91
d05b,d76a,c780,9769, 8e7,b6b3,38db,aae1,80df,80dd,6988,d6da,43ad,9d03,e58d, 6cc
dab6,80b6,a8a6,a8ea,44ab,a292, d80,2b8c,aa0a,8c6b,7f09,24cf,b576,b7d1,62fb,ea92
ba93,9b5b,f780,7088,8650, c14,c1fe,aa18,5927,14c8,cb41,83b4,7e99,1ee4,5580,636a
c1e0,2310,5ad9,d0f7,b822,4a64, a3e,39d6,5604,df66,2483,4d78, 363,f7ad,9f84,b90e
1b83,b680,9113,b080,3fed,dd9d,f5e6,bc83,8086,8dea,e3ab,342a,a00a,8739,80b1,11e9
4d2d,32fc,93e7,dcfe,82de,99a7,a87f,5b4b,8080,a57a,49b3,2daa,2bc7,eca5,cf04,5ba8
ac98,b12e,8080,80c1,74db,8da4,59a1,d549,cede, 5f0, a09,cb07,cb0f,1a8e,1dbd,91e0
d852,d4cd,bce2,3097, 5d6,c1b9,e0d7,9dbd,62dc,3371,9dbf,9c07,2905,e82f,2124,c815
9ff6,cc0b,3def,9b30,ad81,80b2,2611,47f5,7908,12a6,8103,a6d1,f8ff,1cb1, 2e6,260b
575a, f33,eed9,7f06,7f1a,12c6,f056,f427,d1b5,736b,2df7,accb,c8b4,220c,d83e,2470
a89e,1b4c,169d,69de, 761,d512,c838,6f2f,5b74,f9b3,e267,12f1, f05,5320,1d59,9ac9
463b,b4fc,f034,181e, f45,ed48,cf0a,f7d2,6864,1d7f,bcba,427f,973d,1744,2d14,4f58
e43f,7470,5156,c5e2,2e33,5935,fdf3,5050,ffe4,1415,75f7,e9e7,b907,1d75, 47f,ff46
6457,75b4,c43d,dd63,9eb6,2547,737f,6d6a,f2f6,cae0,7e53,7c09,e65a,3c2c,e3eb,2bdd
9b97,c9f1,b4f8,f9f2,2ae3,1f2f,b981,ad19,fb83,dbab,b1ad,660a,c180,f2c6,96e7,95ae
1370,eb2e,96c3,c130, 2d5,c7c6,edf9,ecac,aea2,aa4e,59a9,d91a,9097,9bf1,23b3,b7f2
 bda,e9ca,b0f2,80ad,dc02,bc9c, 1bb,b638,ea00,f00b,1fea,e54d,150b,4739,ceb4,ede2
 330,f6dd,cd00,ecd3,7f23, 9f1,dd1b,b7a9,d9e5,1131,f03e,927c,b158,fdef,1dca,9303
 89e,c2d6,cd07,d195,28fc,df19,fe1f,1910, 721,1edc,9f21,25e6,c408,18ee,dafa,ca81
21db,f5a8,d8f7,80f1, d08,fcbc,1000,d0de,1c21,db80,c9d6,d0fd,a2e0,b808,bbea,97ed
c7ee,8498,9c25,291b,fdde,f211,e79f,dece,f5fc,e9c6,5cc1,80f1,a6cd,fca3,3080, 299
2a01,caff,f2a4, 5c1,16c7,a988,d904,d738,2e30,f81f,1605,2049,16e6,fe2b,ea58,e5fd
550e,3c20,286a,953b, 2c9,27fd, 938,4f0d,13fc,100a,f4f0,1f31,d705,181e,d415, 72b
54e6,12e2,c509,f216,f4e5,59f6,17dc,d800,13e0,f3cb,500c,1d49,e909, 845,fb03,fee1
7ff8, 3ed,e38e, 162,b2aa,8e33,6a60,8d33,f81a, 904,f012,56b1,aecf,85a5,e0dc,b4d7
8917,d3b6,dbd9,d0d1,ea8a,ee80,6d7f,324f,ab3a,bc72, a9e,3f37,a8ac,f689,8095,1b0b
c02c,b4f5, e0b,cd71,2704,8a35,179f,8074,9486,db47,17a8,1647,481f,67de,afc8,24ef
f943,802b,d8c1,1f74,c716,d61c,1adf,1e0b,7f7a,347f,d0e0,f3a2,f63e,bbd7,ac56,5580
a91b,b43c,6d33,aab9,dcd1, eda,9d7f,39e3,a134,f741,8f02,2457,395a,24aa,ae38,2b98
6006,be28,d534,edd7,bc31,fdf9,cb75,153f, 680,e37a,3233, 5e8, 233,f805,1dad,6800
 c1a,70b7,3809,caf5,3d8a,256e, 12e,6191,6930,59c6,db10,7cbf,1949,ba34,6ab0,6a52
c508,1f0f,b034,ed0c, cd7,ff68,6a7c,ca1c,1ebe,4668,53eb,c169,f670,3f25,7ff5,2ce5
6457,b7eb,f022,aa39,3930, faf,4dfa,ff73,d911,e308,d800,787c,3191,8b26,a660,c60b
17d5,2872,1432,fb74,780c, c80,a6f6,fd23,bc0f,5101,e1f4,b82f,c1e5,7fc4,4917,2d07
118e,f085,ad35,8394,5b2e,63e3,1c38, c72, 2c5,8b0d,80b5,e594,cb2e,86cb,1924,7ae5
e79f,7fc6,e2ad,82cb,1712,2cc0,2be6,352e,292c,2bfc,7e19,f6ba, ef8,cb60,815d,ff91
44ca,f653,9fc2, ceb,2238,e4a2,  e7,3b7e,91bd,c543,f9ac,10a3,7f59,790a,5fc7,1a72
75de,c2e2,8e9d,e8c8,fdfe,fc24,565a,a0e5,5cb7,7fa4,  d0,f4ac, baf,2e04,20fa,7ff2
242a,26e1,ea0a,7849,88f6,dee7,464d,2cc8,11cc,ddb2,dd08,fa88,78e7,bd8c,966a,2907
46c0,c6ad,   a,7021,2b41,dc11,1b0f,2205, 20a,bf1e,2600,66d0,c967,bc30,2f72,1f69
a6de,c31c,6685,f79a,2fdc,3ca4,1250,1b54,cd03,150f,4c09,da88,f0ed,c231,ecde,7f45
2f10,2b18, 719,13e7,ae3c,17cc,a606,14da,dbac, 411,8087, 97f,e1e5,1ff8,2291,7a31
 775,f1ef,b6b4,60f0,1025,25b4,e21f,87fb,d559,d36f, 90b,74c7,abf3,f915,3fde, 2e7
b46c,84fe,12d4,b242,5280,9013,f3a9,1575,334a,50d9,b104,16cd,880f,abb6,80ca,ea9b
8c81, ad4,ddd1,f6c2,b9cc,cf2f,67c8,c66a,8833, a06,a6c7,74b5,8cf1,86ab,140f,efc6
7f7f,a348,c9bc,8694,8f3f,e3c3,3510,b068,c405,d167,7fc5,a581, 2f5,14c0,376a,ef77
4b28,b8c2,95b1, a16,1f7c,fcf5,6a85,9d83,22d2,9397,df25, ea1, 982,1ddc,50c7,d49d
ebed,80b6,b6ba, 339,9c1f,bfc4,ce31,5707,538b,dc20,9f09, 336, 3b2,1913,435d,3270
c304,80b4,4aa3,7001,f9e2,ff26,c5e4,a980,c1bc,83c0,8f1c,82fa,78c7,b6af,32d7,2fb1
d8e1,1cc0,  e4,248f,caf8,dce5,94de,6e61,f941,2fe8,c59b,9890,65eb,b415,e19c,30a2
8285,cf18,e1d4,8080,efb1,18b6,7fde,f47c,c0ff, b94,fc40,33c7,9f83,8313,7fdd,17ac
1d08,80eb,ef13,7f4e,f681, 1f7,8035,2079,f7fe,c991,a6f0,1787, 9e8,a7e3,7b25,ccea
 c12,9700,ee90,6396,80c3,ccc6,afbe,87c2,8e50,b185,21cf,b346,3387,3d9e,7b89,5167
eb5d,f625,55b1,49b5,fcc8,e283,ed9b,2399,c402,9421,48b7,14cf,1189,abab,9b17,d06a
bcdc,c446,9f0f, b80, c00,a8f5,3b0f,e071,275d,2be0,9900,eec6, a11,106b,1346,fffc
73c0,a5bc,b108,d55c,55f7,3c3f,7708,f8f1,f3cd, 5e9,35de,f125,3051,f932,1bf0, 882
1ff0,84c6,29dd,800f,548f,dbd3,6b11,65cc,7ccb,2e26,eb0d,534e,fcd6,6276,78eb,f73b
d742,e40b,7d2a,1170,1a77,7a7e,6e7a,5c7f,4747, 75b,7c24,2d38,dd9c,fb36, 760,b5f7
f8fa,2da3, e31,87de,3367,65d6,370a,fa08,ef4b,7eeb,e910,31bb,f76d,d4fe,80fc,113c
 fdd,17f8,  3b,c10c,3a02,fac9,fdf2,de34, f42,f4dd,effe,ea0c,98c8,4100,e8fd,227f
3efa,be12,fe19,239f, f04, 4fe,a8ad,2b64,4807,ead7,f9e9,df50, 80d,fde8,fa48,  12
1c0e,a31c,10c9,   0,   0,   0,   0,   0,   0,   0,   0,   0,   0,   0,   0,   0
   0,   0,   0,   0,   0,   0,   0,   0,   0,   0,   0,   0,   0,   0,   0,   0
   0,   0,   0,   0,   0,   0,   0,   0,   0,   0,   0,   0,   0,   0,   0,   0
   0,   0,   0,   0,   0,   0,   0,   0,   0,   0,   0,   0,   0,   0,   0,   0
   0,   0,   0,   0,   0,   0,   0,   0,   0,   0,   0,   0,   0,   0,   0,   0
   0,   0,   0,   0,   0,   0,   0,   0,   0,   0,   0,   0,   0,   0,   0,   0
   0,   0,   0,   0,   0,   0,   0,   0,   0,   0,   0,   0,   0,   0,   0,   0
   0,   0,   0,   0,   0,   0,   0,   0,   0,   0,   0,   0,   0,   0,   0,   0
   0,   0,   0,   0,   0,   0,   0,   0,   0,   0,   0,   0,   0,   0,   0,   0
   0,   0,   0,   0,   0,   0,   0,   0,   0,   0,   0,   0,   0,   0,   0,   0
   0,   0,   0,   0,   0,   0,   0,   0,   0,   0,   0,   0,   0,   0,   0,   0
59d3,ff03, dd0,fe08,3450,8080,80a6,f8a8, 2cb,7c54,7f70,8093,4dea, b52,9dff,431b
4228,d7ed,b9cb,8088,cd05, 1fa,d901,c2d7,f7e4,18f1,9b8b,fdea,1205,e301,f2dc,c098
e488,dcca,c6c1,80d5,7580,8cc6,2cd2,53d5,c4a5,b380,8e99,af8f,efd7,89e3,aa81,ebca
d9e0,2cdf,6dfe, 64c,d2d2,f4fa,2619,8b85,f97f,7e3a,461c,f03e,7eda,a5d3,2b1d,daf0
165d, c29,1209,dd9f,8c89,aabf,dce8,cad6,c5ac,c7af,28d2, f08,750b,91d4,acb4,9eac
ee56,12d5,9a93,b79c,6816,8289,b78a,e4d8,e6d4,c2cc,4b5e,acd5,cf80,e703,fd07,dabb
14cb,e8d4, 3e9,4003,48e9,6969,5f41,fa2e,88a0,f3f0,e4f2, cd0,fae5,3d2f,2de2,513b
 a62,cfec,dde9, c1b,2a21,4b65,1928,1d28,1d36,1715,160e,2c16, 825, 735,5c67,7e6c
712b,776f, 458,2944,6f40,ef2e,4628,4410,7167,6e77,642b,132f,9844, 1bd,94e6,bfb9
f6ee,e3d0,f4da,fcf5,151f,140f,5519, c35,1ad7, 732,5248,79ac,f250,4802,747a,3365
e424,d9b7,e7e0,ddcc, ae0,6031,6657,3e69,d312, 4f1,9d3f, 5ca,e31b, bcc,f5fd,7ffc
6e6c,442d,4270,ed40,cdda,109e,45ea,1bfd, cf4,80d2,6642,584a,7347,cbe3,647c,c4b5
96af,df0a,b932,91c2, fa2,3fed,4949,6362,12b2,13b6,9e73,2c95,81b1,96ab,4024,4e9a
19a0,8323,fdbe,7f9d,80c0,9c8e, 504,8936,7986,1df7,7fe2,2982,7db2,1482,6102,3e09
5192,b444,63aa,3dcc,7155,ee5c,7843,1373,fd08,81e1,f5b2,6559,170a,84e5,3980,cab8
2025,ecb2,96b4,2393,2b03,cdeb,165f,aa14,106b,9d58,229c,bd02,8b4f,eb19,ec02,d428
e18d,3ef4,3548,5bf0,d4bf,798f,fa12,8043, 568,7a0d,e3d2,ca8c,1f50,e16c,80e4,173c
51f7,8b80,2730,2ec7,28fe,13e1, eb1,53e6,a68d,e8b4, 9ec,8a81,19b6, eb4,6eed,91c9
1282,beab,d0a8,1c32,8880,80cf,969b,9deb,6f63,8ee9,bdd8,2fda,9307,847f,80bd,44c1
e116,8045,74e8,51fe,afff,edd8,dce9,de80,4fa3,8a20,cc85,800b,6402,94c7,d630,bc83
e661,b898,8734,88d9,749c,708e,2288,bb34,c6a7,bb99,8595,73bf,8011,e338,808f,f8af
80d0,500d,93e0,dc5c,3180,ce99,86af,f7cf,879a,8107,338d,1dab,c08b,a588,80da, 890
1cad,d861,92cb,9be4,70c0,9bac, 794,3929,6038,4046,e7e9,e84e,e37f,e3ce,f32b,6825
ab20,e549, 40f,928f,bddb,353f,2ad3,b63f,ecb1,3389, 230,605f,d7cc,11f6,cdf3,202c
2502,2506,d20e,de45,6827,2d3d,6e98,7f47,a4d1,378c,4c14,7f10,d5fd,c32c,6cca,e18a
db83,3c9e,fc6d,7ad4,80b6,9835,b116,2e79,1ce2, 4cf, 8d3,72e6,86c2,88d1,8bee,600a
1762,851d,22cb,62ac,d6fe,e127,1ffb,a015,fdd8,b684,4fce,d0bb,3c64,88e9,25d3,8001
1642,9ddd,6b8d,1969,ed7f,9013,e898,b522,8491,f84a,7b1f,da23,9897,d22b,ab25,3e7c
ef92,724e,4849,7a32,ec9e,d30d,9c3f,7fca,2a7f,8d29, 653,3f06,6a3f,84f3,bc72, 68e
57bb,f8f8,d2e5,9c80,241b,47c2,ab0f,b350,7ec1,ff48,1097,e342,217d,dd4b,ed84,80e9
bebd,b2ac,b77d,12c0,f57f,ff66,1323,1805,7089,a7a6,f355,257c,1e8e,8bd0,6200,5546
a5ce,5018,42cb,ba68,e719,a681,9d7f,395b,38ad,7ff1,1a1e,cbd3,5df4,a571,bfd8,217f
5819,e518,9903,bd7e,e13d,b4eb,5cd9,97c6,2bba,7749,ca5c,ee5c,c432,f979, b05,11e0
1ae0,13a7,2967,727f,fc23,23e0,9c04,1157,a06e,a405,eab5,76d6,a9e0,3613,ba6a,f418
5dc6,ea11, 3f1,4df5,1ee4,d0f5,ff3e, 1d4,2de5,7a5b,ae08,6f6c,1a7c,983f,6e06,bc9b
b880,5ddf,b16c,82cc,b0f8, cf3,fa01, ebb,ebba,80e3,e7d7,2be2,8db5,f4b2,8fb6,e13c
965f,b680,3070,9ad8,7a82,1099,667f,7fb1, 48b,2b12,7f8d,7f14,83fe,ca70,5fdd,d053
5ac5,f515,cd84,8ac6,d7f2,98b8,ac86,f06e, 8be,fab9,8025,f8a0,9efd,88a3,bd50,c92c
ebd4,a83e, 78f,7e9a,885f,bdcd,c72d,81fa,dce6,e95a, a1e,59c4,2e84,3d80,7eed,67e2
 7a8,a053,5a9b, ee2,f8f8,d19e,44c5,1f4f,5d14,8093,db80,9682,12b4,80bb,91d0,f73f
c4d8,1ece,4a34,df66,83fb,9703,8908,1dc5, fbc,1963,1b1f, c02,25ae,  3b,e2d5, 7b6
805e,7669,fb18,8ed1,294a,c454,20fd,359b,eefc,2c64,192d,  81,b7bf,9910,c2cb,ffc7
2f36,d271,42a1,bd44,d97a,5dc0,8980,9203,79dd,2a19,d72d,73e8,f202,8595,745f,15be
 121,e457,1a2f,1ac7,a6b0,f1d3,6915,937f,69f2,9888,7545,66e1,9580,4026,828b,7f80
6d37,b902,cbd9,795c,7434,3880,eecf,4475,3c2d,f183,1c21,756d,93d0,957f,2c34,b086
efc0,939a,8ed0,d7ec,67f7, 12f,64a2, c31,1ee8,ac80,9da0,19ba,98c5,8fd2,8080,ae8b
836d,ff99,18f7,8428,f5a4,e59a,ec84,9fe5,bba8,8db0,7f83,7b94,8048,f3b6,c467,3a58
45fc,d55d,dc83,1567,c099,ceed,7107,eb23,6807,442a,2302, d73,ef6a,aca3,982b,777a
18a9,1331,3a2b,a9da,52bf,7d41,101a,b56a,530c,6503,6b76,a402,b3c7,522e,a9ee,b8c8
3c2d,3533,a5c7,a374,2263,2910,614a,2929, 1df,1fd6,1fe9,7e41,8a1f,212a,5508,d135
 6a6, fc8, bcf,467e,  ed,5fe4,92be,487f,bdf1,2495,b22a, a20,3088,fd33,1e17,2aa2
acd8,755b,c9f8,4dc1,8311,80ec,9c88,8c07,e7de, 806,be2b,de7c,9dcf,bb9c,d679,85f6
f444,fc25,9af1,7205,f27c,eec0,2696,80f4,ef0f,1ed7,bc16,54f8,8002,32b9,af70,577a
3df5,45f5,5906,4488,2d8a, 9d1,ea35,5924,99fc,80d5,4321,5ab0,1952,d296,c2f5,59f3
e6c7,43d0,919d,dafd,72a7,1b13,9f1d,5729,7052,5302,3c47,d805, 344,aa0a,90a8,af10
 f02,79fb,4de6,de70,f87f,a32b,7ec4,ae6d,4a07,2fe2,c412,ffed,1ed8, 389,53e5,9f1d
dafb,aaa5,80f5,7d64,fd96,e21c,8c65,afca,eb80,2d48,20a5,8d3d,39b6,817a,b024,9977
30e3,e51e,80e2, b75,876b,d60a,4381,8204,7922,2921,4150,3b02,68f9,7741,3c6c,770b
7024, 97c,3242,f4fe,1ccc,47c8,6e02,4817,c8a2,7be8,2bf1,2d48,f321,b0b1,ad6a,6d3a
73fc,561c,ca3c,7f0b,bacb,4c14,ec5a,83f1,16e9,152c,2dd3,5268, 742, d29, e1f,7671
a88f,c681,a279,8580, aa2,2644,ed9b,e9c7,f480,80ce,c680,4eef,a098,3d25,84b0,b3d1
c7ee,39da,25f3,33e7,7d91,f580,7d0f,6a49,a08a,dc3b,7680,7fe7,9ad8,8d63,f3d9,13c2
f820,bada,919e,80e7,1e92,80b3, 3c2,a1f9,c166,dd1a,5b44,7421,7fea,5137,14db,11e9
f925,dcfd,e124,a839,6626,21ee, add,17e7,d7f6, a5b,be0e,174b,8313,bb1f,e27f,e57b
134b,c6c9,803a,5522,dcda,fb10,e9cb,d4d8,f052,e8e2,e25e,322d,df51,11fc,3c07,4684
1c3e, 441,3a0e,69ea,fa08,e5ff,146a,1d2c,576f,1e50,664f,a4f5,4f41,2b06,4417, 521
452c,3d10,690e,2727,2719,4c3c,eebf,c1ef,4832,69c4,fe3e,f1c2, d63,6536,500c,49ef
32d5,23fd,3a50,3707,eefe,4247,f93b,472f,ed3c,4e4a,41ff,e317,8a8c,80ca,cb7e,2034
 c7b,636a,6006,9ff5, 157,3630,eca5,d1db,5546,dffb,2b7f,81f4,4f2a,a92f,f2fa,33c4
 d57,e885,8f1c,8600,c27f,6a87,2244,99fa,6d14,a757,3ca1,6cfa,9e26,1527,257f,4208
929a,e780,87bd,ab8d,6e21,b323,7f8f,80e9,c88d,89cc,9393,ea8b,90b8,9369,1023,bc23
d2e6,85c0,84c6,64bd,aba8,  96,ad65,7d3d,2398,b933,5cb9,76eb,dfe5,b357,80e3,20ce
c293,d2b1,5593,31f8,38a6,8082,2ac8,80f3, 4f8,190a,e51c,5f45,e83a,9987,fb42,3f10
2bcb,dc5e,dc0c,4182,ffb2,e30a,54c6,  ff, 5ea, cf6,e8e4,ffc1,d8ed,cee5,2108,7c1a
41f7,3205,1ff1, 5b6,c30e,5cde,   b,bf38,dc0f,cf45,12c3,461a,d91f, c11,ea13,f946
b613, fc3,cb34,8ad4,cd98, a30,c059,d5c9,27e0,f6fd,16ce, fe7,1504,d8ed,fd18,f9f0
a614,9b1b,12f7,7af3,1f32,25fc,43df,80cd,df10,b92e,26f9,f0b2,17c8,f3e7,c9eb,74d7
 7ac,23c4,36b8,d01d,e9d7,a7f6,52b2,cda6,84bf,f61a,e288,d4f6,d0a6,c19d,a9f2,75ce
3ba5,45f4,cbf6,e3f2, 4f3,e7ff,8e86,36cb,f35b,608d,b4ce,d215,3562,a045,23a9,5880
e9c5,c8b9, 8f9,f18c,7fcb,310f,c0a5,e30b,32d7,ced7,dcb4,fdeb,36e6,201e,87ec,dd7f
3fd5,3504,5745,6235, b35,5e72, 93a,29d8,ce0e, 27f,675f,da11,  26,12bd, 221,1a45
58fb,e4bf,6df7,d904,2dfb,7fed,df3d,fcf5,29f8,f86a,4d47,dbe2,  34,168a,b0e2,617f
62cc,b904,22ea,b84e,d134,1fed,f33a,c8d0,3740, 3de,ecb0,7ffb, 674,19d1,1950, a7b
267e,dc02,f9da,5692,807c,f7e1,3c34,e849,ab82,eb0c,161f,4714,c2a7,d3c6,c2d4,707f
f27d,56c6,86f3,1863,c424,f43a,ae2a,7d18,e956,c8ea,130f,1dd7,52b6,97df,de7d,7c72
410e,3d30,c076,7537,f218,1669,275c,e817,db35, 1c5,3142,c620,7f08,f298,4f6b,e572
3483,d40d,3f7f,7e09, edf,51e3,de58,d4bc,3f1f,78fb,be4f,f7f4,4d7f,33d8,52e6,692c
4e43,30e3,f0dd,44ea,ad44,d41b,164a,bb0a,c1d9,20a0,a425,f099,b1d4,4180,ee36,1ece
6ec9,912b,4584,7f85,860b,bfd9,f115,84db,7a33,ad04,1352,eabc,6997,a688,ef15,6b2f
41f3,b4dd, 79e,cb17,7e19,2041,4143, f06,f103,879a,ca8b, 6ae,e4fe,80f8,87d1,f2c0
89ee,a20b,5f41,3f0a,ca92, 3ab,8ec5,e6eb,fad2,77aa,1ce0,f141,7ea8,5755,80a5,b889
f351,8053,a7a2,3124,9473,dd36,e244,850c,834d, ad0,21cb,140e,2af7,ade2,f7e9,9995
23cf,e622,638b,ca9a,ed30,5c04,feed,e43e,473f,2908,abf7,3f14,d62b,99dd,ee3e,fd32
 64a,5b05,fe19,85c3,24f6,fccc,34e2, 6f3, bf8,7efc,1e20,bde7, 8f0,ed1e,cf1a,8cbd
3cc7,7ed8,8003,863c,2335,1feb,5a0f, b73,3915,4e90,21f0,7f3d,9e4f,ee1f,2df5,584b
2f3b,adba,edd6,2e54,5600,25a6,e0d0,367f,1840,4bab,80e4,b1ec,feba,2938,8090,18de
8170,771b,d717,890c,d7f4,1f48,e0df,a4a5,8cc3,b718,46bb,39e1,dadd,2815,94ac,d2cf
ce24,162f,a429,480d,bfec,d87f,6e1e,4d4c,cdc0,f5b9,dc9a,fa04, e14,aefb,30d4,cd29
9ea1,a7bd,849a, 2ba,1de0,b03e,c19f,dab6,84ec, 6bf,c5e1,3c80,af92,df84,ef89,16d7
dc7f,1f76,e1cd,4110,eaa8,9f63,8535,d621,e166,1ec6,fd96,2f17,32b1,cb80,f772,40d5
d080,ce96,cd80,4283,2bbe,b98d,2598,9b31,f8fe,c5d3,9b9b,e094,899f,cee9,dc42,c4a5
1f85,4ec0,c30a,b049,f9ef,cbc2,2f48,c98c,80e8,d636,46ce,58fc,90f1,c4b7,76ed,96a9
971d,9380,d2f4,d1f2,269c,b58f,1bb8,95d3,8fa6,2725,2462, 442,9fca,724e,  ba,d15c
 d1b,34b6, bd7,314d,fccd,330a,a4ea,89a1,c359,8802,fc7f,701e, cfa, 30a,bb7e, 3ee
11aa,d1ec, 3f7,8ddd, ad7,be26,94b6,9b7f,451b,e3e7,ecda, 3f2,c408,4de6,8711,9635
8896,88b9,4aee,a314,4323,c508,3e94,cb09,2549,e5fe,b0e5,bc52,211c,e617,d7e4,adc9
5c3d,1a12,a6b4,f304,542f,be25,d67f,b2af, 6a1,e07f,4cf2,8c1f,78c0,8c88,e09f,1643
fe25,10eb,d2e3,be84,2e64,7abc,1742,53ab,dd25,5604,add0,e114,1ce2,273e,3f3f,df30
7d84, bc2,ddcf,681f,cc8f, 9b0,bf3b,c2e4,db3d,98f3,aa06,25de,c4b4,eab0,af77,d3ff
12ef,  86,c4ef,121a,e3be,9ec0,42cb, 943,c241,17f9,3401,fceb,59c9,f4bc,8ffd,f1b8
e3db,fbbf,e40e,d1aa,e0b7,eedc, 5fa,129e,ea1a,f305,d2e8,dc44,cf92, 529,b884,54d3
2061,20ea,fe3b, 408,eac7,aa42,1ced,37ec,e7be,fa2d,2ec4,53af, 9fe,dc49,10f6,d40b
ede9,ba86,e083,be12,3b97,cfce,2480,c359,5852, f0a,545f,6f66,266f,5d44,d077,4d74
7851,dc79,7f5c, ccb,3f75,7459,7f76,6e4b,7f7b,e713,6277,694c,4c40,c67e,38f0,1ac2
122f,461d,f382,63da, 5c8,2c22,174b,e681,2a3a,fb36,1721,5a27,118b,54e5,1ce2,1642
2650,df86,56f7,171c,eaed,35b0, 27f,350e,15d3,2aec,20de,be7f,7644,48b9,fa36, fd6
eaa0,48c0,26f8,2f1a,5231, 687,3b11, 705, 82e,7c25,   4,1b39, d4b,f21c,42ed, e71
e433,14a4, d1a,   0,   0,   0,   0,   0,   0,   0,   0,   0,   0,   0,   0,   0
   0,   0,   0,   0,   0,   0,   0,   0,   0,   0,   0,   0,   0,   0,   0,   0
   0,   0,   0,   0,   0,   0,   0,   0,   0,   0,   0,   0,   0,   0,   0,   0
   0,   0,   0,   0,   0,   0,   0,   0,   0,   0,   0,   0,   0,   0,   0,   0
   0,   0,   0,   0,   0,   0,   0,   0,   0,   0,   0,   0,   0,   0,   0,   0
   0,   0,   0,   0,   0,   0,   0,   0,   0,   0,   0,   0,   0,   0,   0,   0
   0,   0,   0,   0,   0,   0,   0,   0,   0,   0,   0,   0,   0,   0,   0,   0
   0,   0,   0,   0,   0,   0,   0,   0,   0,   0,   0,   0,   0,   0,   0,   0
   0,   0,   0,   0,   0,   0,   0,   0,   0,   0,   0,   0,   0,   0,   0,   0
   0,   0,   0,   0,   0,   0,   0,   0,   0,   0,   0,   0,   0,   0,   0,   0
   0,   0,   0,   0,   0,   0,   0,   0,   0,   0,   0,   0,   0,   0,   0,   0
e5a4,f1ef,edea,3108,2742,e563,f889,163b, 645,ccd4, d12,bb0a,7a44,90ef,a2a6,6e5e
d6df,2d41,2f19,4d34,1e7f,5d5a,7f75,795c,495f,1518,364e,5b7f,51f1,2c56,2065,3738
414c,6f79,7c7e,dc70,7650,a9dd, 739,e0f8,ace9,3fff,9f87,48a2,7b05,4d68,6851,6830
587e,1f31,9daf,e09e, e0b,3b3c,316e,d6f5,3ed5,e53d,c3c4,fabd,8580,8683,e0b3,8e8a
908e,b8de,eae5,c81c,dbb9, ae9,819f,a0b2,868f,d989,9d9f,f154,4561,7c5e,755a,ed19
 7d9,2012,1943,d01f,b7cb,8303,75dc,c647,373a,fdfc,9392,d4c6,3794,dcc7,e889,bf27
df06,513f, d2d,2412,7e60,4c5e,fe43,c4eb,aeb3,1617,350b,ff1d,ebf4,33f1, 4f1,2a2f
1803, d29, 9ce,140a,3225, bfb,e1d4,d9e3,3446,eee6,3b3a, 2f0,e421,7f6a,2e74,352e
1725,f927,4217, f18, 817,321e, a1b,9505,4d7f,c404,1ae7,ffdf,2864,1b36,2259,e3e7
fed3,1845,3ffc,1d21,121e,fd0a, c0b,a696,5c1c,c716,f70c,c0c9,2fde,f2ed, 5e7,df00
4902,ae7e,2b63, af8,a4e6,492f,bdea,fb13,ffec,e2db,1805,8a83,6de4,d501,cae9,8296
2670,4049,d8cd,ecd2,a534, da7,d11b,ccf3,e0e1,c0af,f8d7,5a6a,f0e3,c4d6, 2f4,3c58
4b80,221d,70bf,ef4b,10e7,bce1,2f13,db00,81af,84ab, bf7,ecd8,5d85,252a,9e82,87f5
1c08,cd92,9586,684e,c63d,d492,80c0,9393,60fe, d79,c9dc,b240,1d68,61a8,59d1,8cdb
86ed,acff,738f,fc99,3ed8,8880,c7ec,d705,bee4,97cb,8b8e,80e1,5400, d80,b6a2,33c1
 993,fa82,b24f,b081,2e46,dc36,7ed4,9b68,f15a,800a,8395,7fc0,8b98,8730,8d9b,2d37
ee7f,1093,bba3,3eac,1d89,b1ed, 5d5,7393,f9d0,d16d,6a84,6808,159b,da6b,e1ec,84a2
52a2,d624,2309,811c,51da,8ba1,2d03,d8dc,9c9c,92c4,4127,cda5,8ae5,a407,a9dd,84de
4dde,3b9b,dcab,4b52,8262,a40f, d00,7ff0,516d,2104,d5bd,c898,2d1c,ea7f,7b09,80b0
 1dd,e51f,7af8,81a0,b64e,bce2,497e,bb86,7d24,89fe,30cd,e450,bc59,1fc9, a82,ae80
8fca,c9c7,b927, 3cd,8cce,85e1,ec13,bf08,3789, 5ee,ddda,40f1,ce82,aad8,d380,8ce2
1562,a028,ce62,e2e4,19f2,a3f1,17d4,1182,d433,c26e,6795,c6cd,5e37,14de,6992,c2f3
c14b,e502,a6ce,a7e8,41b0,c6f3,128c,c9c1,9e08,33f2,4dc5,a6cb,35d1,4fac,71d3, 3db
7f75,2a46,fce6,b2b7,1502,db09,94cb,1ddc,415c,65bf,24cd,ce16,7cd1,7f4e,7ff7,b492
ab3a, eeb,1c26,7fba,67cf,1b08,6508,ec22,15c6,f8b5,5512,a7a1,46d9,eb18, f7e,4580
5342,16d3,bb26,1e81,f0c5,f22d,266b,59e0,80dd,97aa,f1fe,2108,8001, 7ec,cb31, 6ed
3f7e,aa2f,56d6,a5f6,cf07,65dc,5d9a,e844,fac6,d860,d5a6,e7d8,860b,20af,43ea,5147
8002,d112,8706,574b,1411,9837,c4aa,ea23,8be4,2a8a,80e0,1586,2728,8e91,efd1,e60e
b7ae,80e1,c6fc,5ffb,882e,a408,d706,b798,852b,be35,f202,c197,a2b1,abac,847c,ee4f
9984,81fb,a991,11fe,27b0,8595,2d8f,b7a2,54ea,ace3,dcc6,f00d, a8c,a792,b7a7,80aa
e89b,baaa,f4bc,c088,30ca, 8e9,698b,99fc, f73,8092,8087,248d,bd60,a29e,1002,a7a2
ad88,f367,8e8a,63c6,1ddc,7b8c,7244,6c39,a859,9016,ebc1,7c0e,f183,a973,18ae,7dd5
a38f,8e98,9afc,d811,7f8d,b59d,8069,2aa8,cb69,64fc,c41f,890a,1420,6f26,b36d,d9b3
7fda,1621,16fc,6396,e819,4fac,eecb,4d29,802b,37e7,68ee,c1c3,73fe,338a,7f7f,4551
b7f5,6d1b,11dc,aaf6,2d35,b14e,a6db,2382,8aa5,5535,46ba,e63e,eac6,edea,3779,4573
80a7,b0e4,ddb8,9202,6083,754e,c29d,134f, 269,e380,c791,127c,c509,d80e,a9be,a3d1
 e7f,44ab,d485,d91d,fc90,9e0a,d0ce,7cf0,d980,d624,d8e6,c902,e984,b53c,41ef,e4cd
edff,a32b,b7d4,d8d1,f6e6,ffdb,9b8e,c717,2769,5645,104b,2b70,802b,9bcf,8863,7778
fdda,7a28,7f79,6a39,1187,7b2a,6053,2cfa,a900,5752,6d7f,bc0f,5329,dd36,371f,4135
4012,44d0,e6fc,8e0b, 95d,3bf0,f881,8173,194b,223b,593e,767e,8b63,2578,7fe7,bbf7
4738,16ee,8f7f,2710,446e,a3e3,7f6f, 915, a0a,e156,ce43,1fa5,e1b1,a185, 4cb,733d
9dca,80e8,527a,72c0,dc80,291a,d58a,cbf7,7763,4d80,f5ea,17da,e92a,7dce,5f51,dc29
7a44,a701,44d5,2b5f,a472,a82f,3a34,b24b,8005,a980,99c1,89aa,f180,b8c8,7f97, 55f
33da,dfd7,d68d,7ddf,84a5,fb48,882c,e8bf,d04e,b5ce,e7c3,7be6, aa5,1c80,367f,7e0e
80c8,a52f,fda0,3b3d,6dad,8522,40c0,7c8e,8d63,9ab9,1614,e8de,3cd9,879e,9380,b193
 cd0,3e14,3e29,3c5a,1854,c154,441f,cb03,1874,ef67, 2f7,3cc5,3e1a,ffc2,fa70,b66d
7f6d,9f20, 856,fdc4,f5f5,4dfd,facd,b580,1ef4, 578,2d23,f2f9,74fa, e4d,4c30,3d7d
205d,e5c8,231d,6f44,bcfd,fa19,6b3d,7ff3,61ef,2c1d,3319,76ab,4e2c,22ef,7be1,4537
e87f,ab27,3609,d333,15f5,bd0c,800f,571d,1f09,efbb,4803,23c7,1c98,31fa,14d2,748b
2559,ea83,b56c,6ae5,86e8, b86,434a,e634,29cf,  81,e77f,58e2,2587,9463,ec34,f1b8
8ba5,e0bc,6beb,c59b, 287,8fa4, 6f3,8faf,809f,3ded,e5b1,13ee,9dd6,ba64,9718,68be
5c47,5473,2a85,9a3c,5948,e4d2,67fc,ae82,ccaa,b17d,7f9e,9422,760c,96ec,f4cd,a3dc
a5e8,8035,cce8,e1c8,2c02,eae5, 7fb,2c0b,fcf2,1d8a,e126,889f,44fe,d5b8,3685,dd93
fac7,9b87,9a98,68d9,899d,9993,1197,c99f, 2e2,c1cf,a5d5,3bc6,8990,36fe,b9f4,fcc7
cbce,8704,3cda, 6cf,af80,b131,419a,be9f,e8d0,c761,bd80,6807,349e,ddb1,a689,f509
5d55,f726,2ace,724c,ed30, f64,ee05,6314,25ca, 5ca,1943,8e1a,7f89,7b7c,35cc,30da
faa7,1d91,ee14,9a47,cbef,8c1e,5153,e90b,6c1f,7fac,bf60,8745,f855,e88e,24d6,e609
822b,74c5,6d55,7208,cf8d,5be4,503f,d27f,db03,64aa,981f,bed9,ce09,6141,ed1b,e79e
7685,da12, e08,7be2,a99a,b582,d6ce,470a,8821,51a3,56e6,879f,5c8f,6186,fd7f,5766
fa89,142d,75c3,e280,bcd2,c41a,8737,2bf3,fb8e,e965,ce93,9360,e5b3,14fa,ad90,9d24
9fb1,a2f0,e08e,9a04,27cf,7d49,a50c,1241,1152,baee,dbb0, 717,f16c,cdec,2ca8,a127
1a07,e6e3,f52f,271f,1bf6,bada,e3a5,6619, c00,f7ed,d5fc,e726,36a0,dc79,4432,4713
  3a,e515,c228,d9cf,e2d0,cad0,aacd,9032,a403,b032,6333,a42f,e8e1,3d17,bdc3,2f97
64a8, 5e9,e0fe,a87f,2b8a,bcc2,bac3,7f80,1e7f,e972,aff9,827f,bd7f,9f70,1730,bbe4
af9f,bfdd,3b2f,8cf0,85b8, fb1,df7f,a5d6,d5fb,ff7d, 5d4,d544,d40e,41ee,f199,93a4
4b16,28e1,e535,3613,b547,c4e3,cb55,515d, 711,2c53, c21,bfb4,10da,1917, 806,7f07
f655,91e8,5e37,dad7,f9fd,14f9,fe62,3bcc,490b,441b,d315, 6d1,6432,539a,64db,f5fb
61cf, e1f,7fe3,d47b, 321,fb0a,220a,e2e2,4288,4da8,9236,6c48,e133,aacb,fb5d,7e1b
c430,2879,2f72,f20a,36d6,9976,f642,2602,1ee7,1456,626e,c7a7,d949,8d35,1102,ea0c
7b8e,717e,2e53,e5ce,5048, fb9,d445,4f7f,f304,5a53,15ac,df45,d945,dd6e,7fb3,ff1b
e5a1,cda6,cffd,dcde,3ac0,d319,46a5,17d0,d3a6,f1dc,cd9a,112b,c508, 601,9780,32fc
cc9b,d69c,bedf,b440, 2a4,fccd,e8de, 27f,b2c6,ccbc,2194,e215,f4ae,b434,e60a,96d1
 123,eab1,6ff4,c9dd,40c5,a2e9,   d,e235,3b01,195b,1dd8,104a,b931,dd17, 743,4357
 a5a,5644,5849, f2c, cf5,3870,5816,3c05,f40c,3fda,7f0c,73f9, 234,3360, c22, 2bd
7f51,46fd,db3c,edcd,4c3a,5f00,5ffa,de32, f25,2921,2b25,2465,d346,46ff,4acb,19d1
c605,3963,e4dd,67e7,1adb,15a5,fa40,22fa,8151,ebcf,58c8,3df4,d9b9,3c2c,fa73,3c88
6ecb,117a,fa08,d22d,8908,f5d3,8c26,d83d,f5d0,f554,a909,c823,4e16,a25b,9b2b,4b2e
551b,db93,c165,100e,1158,e620,cd3a,dd9c,3835, 721,1ee1,11fb,30f4,d5f7,c626, 217
f718,33fb,2a2b,16e8,11ef,19fe, 924, 11e,fbe8,cbf3,1105,1f04,cb36,fd03,bee2,f12c
2414,17fc,f10b,e72d,4cfa,28f1,5fc4,f90a, 703, bca,5dfc,ebdb,dadf, 30d,ddff, 4ca
cc4a,fb3e,730e,2326, ce5,e9a9,b1d2,1945, 566,f916,3829,191d,7091,1d1c,e700,e504
  5a,ea57, dff,20b9,e77d,efc3,50f4,bef0,e772, ed7,b756,e3c9,ceda,edcc,4743,56db
 913,1940, 501,240b,bd4a,7f08,8a80,10de,5acd,452c, 1e3,da2b,bafd,5f66,8033,d1be
7db6,da06,2c4d,95ff,30a0,f6f2,12fe,e929,c976,6a80,1209,a560,733b,e47e,ffdf, 2a7
2881,231e,5a2c,d0c0,e9e6,7fe1,63bd,903a,f0ee,f93b,f3a7,93fc,d6ed,1f0e,b193,c2fc
 50a,c721,f0ce,da04,cac1,32f2,800b,b347,d203,3d59,1de6,d4fe,e7e9,ff05,efd9,a9d4
a27f,9bd7,f0c9, 60a,e61e,c95c,3feb,c580, eba,284f,fdf1,cc4a,6f07,1b04,7fe4,e98f
190b,2235,2de7,1ba1,fafe,30fc,38a4,8db4,6f22,7fb5,c473,4bfa,a163,9c98,4e5b,117b
2aad,2f59,fa24,a185,cea8, 2c4,7f0a,49ed,80d7,b3ca,233e,f1ad,24b4,5916,2b42,a2c2
3bab,7fed,d5db,e49f,10e6,414e,e0c7,e7df,2724,e6ee,5201,7c7b,9303,c02c,3c8a,9a56
7cf7,58db,aa77,2324,24e3,92e2,7e10,edf0,e950,ff2d,f606, fe9,1830,dd23,f0e8,44a2
80fc,d021,1716,5a27,140e,42fb,b542,970b,2a40,12de,adeb,ad1e,f012,2d51,7034,3855
7f33,f7ed,75dc,545b,ca42,defc,5d4c,e2f3,a992,f592,d40c,4286,865b,a680,65a1,b9d1
882d,dece,bdba,3584,b521,80c1, 97f,cfc6,628e,a87e,80ef,d48b,d82d,96f8,5f7f,85f7
b560,bea4,d5ec,b7a1,7021,8c81,4a66,d695,6079,8d84,e300,dc16,aa44,b4bf,f9aa,1380
7003,df20,1b1c,3a4c,1412,e2df,da32,fe0c,23cb,2520,26de,7680,15d3,6d29,2554,856d
7efd,48f5,3750,f6a2,a1fa,3646,ce7e,e719,8d61,c83d,1c18,dd7f,c248,cf3b,502a,ee6a
3609,eebd,3679,4ad9,2419, 228,7f08,fed9,43d7,1385,9915,ebdf, 3d1,c656,fbc8,176b
c7f7,daab,f9ce,2d23,cce5,e105,dd85,72d5,b423,fc0b,1cac,dd28,c8bf,   8,fc48,83e8
d212,fd4d,52a2,73b7,24b5,936c,d38c,b57f, 5c3,1eb5,4ddd,3d02,4307,d43a,554d,3aba
a129,94eb, 4ff,b965,3591,2167,69be,b6e2,dcd6,cb66,c4bd,d904,d348,d408,a408,d407
bb27,fce3,edd0,8731,20d3, ea9,cdbc,253b,16cd,48c2,16b7,9ee3, baf,b4ee,8004,11d2
8717,f4c6, 2e2,f8a5,3226,cfd2,8918,2857,ae28,a4e8,a897,268d,7ee3,c9a0, ec5, 551
16a9,a4e6,dba6,7f82,d6aa,b228,de39,841c,b1c0,8198,98e6, 402,83f1,a69a,a77f,3cbc
c533,8ebf,9980,7af1,7f94,b78e,6e92,8085, 910, 487,ca00,b881, b80,ada7,82dc, e1e
 721,dd4b,1b21, e7a,9720,822a,efec,fe14,3ec2,2a17,2c36,ffde,15d9, 125,5fce, 838
7fdf,9fe6,a54c,8356,dc7f,1824,840b,e07f,71f8,dc97,1525,9ced,6b2f,5ee9,ec07, f7f
7224,d33f,d344,1f75,807f,133f, ab3,b8ea,bd26,d28d,ebf0,a1d2,efb9,800f,9b09, 6ee
3adf,e102, 8d7,60b3,8c34,c2ef,9f82,ccdd,ac7c,3983,1be4,808e,7ca2,1d99,1627,7ac1
a2c1, a76, 1ae,82a9,6e09,e7d8,8f3b,8f1a,8f46, 552,fdcc,df3b,cec5,4437, b22,e87e
2118,ef8a,9ed8,dce2,5f22,1b8d,fcb3,eab5,569c,92c3,8e9f,fed2,88b1,88f6,a08f,9e3f
87f9,d0d6,b5a2, 321,9481,98bf,d1b1,3289,aae8,c383,ee80,74f1,cc93,d1d3,9380,e2c3
91d9, e38,abdd,34c2,5f80,8cf4,83ce,b645,  1b,2359,3a78,9d6a,7b7f,7764,70e7,3658
78ee,4a46,6806,4e7b,7b7e,847f,7f7c,7f7f,2e45,2f2a,787d,3478,7fdd,d10b, ef1,a52d
43ff,8063,4a41,fafd,cf1e,ae0b,6d23,c35b, 1f6,8c5b,3e2c,eb07,2c25,f113,8051,2c54
49f4,d607, 8f2,7f14,10e2,66a3,feeb,fd48,7a5a,3a7f,f417,fb36, 434,b904,227f,36d9
e518,d805,7f7f,6042,871b,472f, c26,6af4,5722,4830,e51f, 6e1,81e8,4eed,3f22,b82b
 a23,8237,581e, 103,fc05,fb0c, 70d,fb05,  f5,   0,   0,   0,   0,   0,   0,   0
   0,   0,   0,   0,   0,   0,   0,   0,   0,   0,   0,   0,   0,   0,   0,   0
   0,   0,   0,   0,   0,   0,   0,   0,   0,   0,   0,   0,   0,   0,   0,   0
   0,   0,   0,   0,   0,   0,   0,   0,   0,   0,   0,   0,   0,   0,   0,   0
   0,   0,   0,   0,   0,   0,   0,   0,   0,   0,   0,   0,   0,   0,   0,   0
   0,   0,   0,   0,   0,   0,   0,   0,   0,   0,   0,   0,   0,   0,   0,   0
   0,   0,   0,   0,   0,   0,   0,   0,   0,   0,   0,   0,   0,   0,   0,   0
   0,   0,   0,   0,   0,   0,   0,   0,   0,   0,   0,   0,   0,   0,   0,   0
   0,   0,   0,   0,   0,   0,   0,   0,   0,   0,   0,   0,   0,   0,   0,   0
   0,   0,   0,   0,   0,   0,   0,   0,   0,   0,   0,   0,   0,   0,   0,   0
   0,   0,   0,   0,   0,   0,   0,   0,   0,   0,   0,   0,   0,   0,   0,   0
